index,url,valid,domain,title,description,image,published,archive,content,quote,language,keyword
https://www.nzz.ch/wirtschaft/die-tschechische-sphinx-daniel-kretinsky-investiert-in-ikonische-unternehmen-wie-thyssenkrupp-und-royal-mail-was-hat-er-vor-ld.1832924,https://www.nzz.ch/wirtschaft/die-tschechische-sphinx-daniel-kretinsky-investiert-in-ikonische-unternehmen-wie-thyssenkrupp-und-royal-mail-was-hat-er-vor-ld.1832924,0,www.nzz.ch,Die «tschechische Sphinx» Daniel Kretinsky investiert in ikonische Unternehmen wie ThyssenKrupp und Royal Mail – was hat er vor?,Mit Investitionen in Kohle und Gas wurde Daniel Kretinsky zum zweitreichsten Tschechen. Längst setzt er aber auch auf Handel und Logistik. Dabei scheut er vor hohen Risiken nicht zurück.,"https://img.nzz.ch/2024/05/31/b132a5e6-c243-4b8c-be82-0e363b1ff49e.jpeg?width=1200&height=675&fit=bound&quality=75&auto=webp&crop=5798,3262,x1311,y166&wmark=nzz",2024-06-01T03:30:00Z,,"Daniel Kretinsky wird als smart und strategisch denkend beschrieben. So hat er es zu sagenhaftem Reichtum gebracht. 
Daniel Kretinsky hat keine Angst vor grossen Namen und hohen Risiken. Der Milliar… [+6080 chars]",,de,'Kohle'
https://www.morgenpost.de/berlin/article242466344/Ich-bin-dann-besonders-gut-wenn-ich-Gegenwehr-habe.html,https://www.morgenpost.de/berlin/article242466344/Ich-bin-dann-besonders-gut-wenn-ich-Gegenwehr-habe.html,0,www.morgenpost.de,"„Ich bin dann besonders gut, wenn ich Gegenwehr habe“",Reinhard Müller hat den Euref-Campus mit der Eröffnung des Hochhauses im Gasometer vollendet. Das Vorzeigeprojekt traf auf Widerstände,https://img.sparknews.funkemedien.de/242466342/242466342_1717160121_v16_9_1600.jpeg,2024-06-01T11:50:57Z,,"Berlin. Reinhard Müller hat den Euref-Campus mit der Eröffnung des Hochhauses im Gasometer vollendet. Das Vorzeigeprojekt traf auf Widerstände
Reinhard Müller wundert sich immer noch. Warum hat niem… [+5553 chars]",,de,'Gas'
https://www.zeit.de/zeit-magazin/wochenmarkt/2024-05/pastasalat-honigmelone-zitronen-minz-dressing-neulich-am-familientisch-sonntagsessen,https://www.zeit.de/zeit-magazin/wochenmarkt/2024-05/pastasalat-honigmelone-zitronen-minz-dressing-neulich-am-familientisch-sonntagsessen,0,www.zeit.de,Pastasalat mit Honigmelone und Zitronen-Minz-Dressing: Ein Salat für alle Hände,"Sobald Kinder mit am Tisch sitzen, stellen sich Eltern kulinarisch oft hinten an. Dabei reicht manchmal eine Zutat, um ein Gericht anspruchsvoller zu gestalten.",https://img.zeit.de/zeit-magazin/wochenmarkt/2024-05/sonntagsessen-pasta-mit-honigmelone-neulich-am-familientisch/wide__1300x731,2024-06-02T08:20:53Z,,"Einen kulinarischen Rat hat Marie Dingler an alle Eltern: sich selbst nicht aus den Augen verlieren. ""Wir nehmen eine Vorbildrolle ein, auch am Tisch. Wenn wir da gestresst oder schlecht gelaunt sitz… [+719 chars]",,de,'Kinder'
https://www.brigitte.de/aktuell/jennifer-lange--ex--bachelor--kandidatin-verraet-geschlecht-ihres-kindes-13824298.html,https://www.brigitte.de/aktuell/jennifer-lange--ex--bachelor--kandidatin-verraet-geschlecht-ihres-kindes-13824298.html,0,www.brigitte.de,"Jennifer Lange: Ex-""Bachelor""-Kandidatin verrät Geschlecht ihres Kindes","Jennifer Lange und ihr Verlobter wissen endlich, ob sie sich über einen ""kleinen Darius oder eine kleine Jennifer"" freuen dürfen.",https://image.brigitte.de/13824300/t/BR/v1/w1440/r1.7778/-/02--ex--bachelor--kandidatin-verraet-geschlecht-ihres-kindes---1-1---spoton-article-1067959.jpg,2024-06-02T12:35:00Z,,"Jennifer Lange und ihr Verlobter wissen endlich, ob sie sich über einen ""kleinen Darius oder eine kleine Jennifer"" freuen dürfen.
Mit dem einstigen TV-Junggesellen Andrej Mangold (37) war ""Bachelor""… [+1792 chars]",,de,'Geschlecht'
https://www.stern.de/lifestyle/leute/jennifer-lange--sie-verraet-das-geschlecht-ihres-ersten-kindes-34762348.html,https://www.stern.de/lifestyle/leute/jennifer-lange--sie-verraet-das-geschlecht-ihres-ersten-kindes-34762348.html,0,www.stern.de,Jennifer Lange: Sie verrät das Geschlecht ihres ersten Kindes,"Jennifer Lange und ihr Verlobter wissen endlich, ob sie sich über einen ""kleinen Darius oder eine kleine Jennifer"" freuen dürfen.",https://image.stern.de/34762352/t/oI/v1/w1440/r1.7778/-/02--sie-verraet-das-geschlecht-ihres-ersten-kindes---16-9---spoton-article-1067959.jpg,2024-06-02T12:37:00Z,,"Jennifer Lange und ihr Verlobter wissen endlich, ob sie sich über einen ""kleinen Darius oder eine kleine Jennifer"" freuen dürfen.
Mit dem einstigen TV-Junggesellen Andrej Mangold (37) war ""Bachelor""… [+1789 chars]",,de,'Geschlecht'
https://www.n-tv.de/leute/Jennifer-Lange-verraet-Babygeschlecht-article24984818.html,https://www.n-tv.de/leute/Jennifer-Lange-verraet-Babygeschlecht-article24984818.html,0,www.n-tv.de,Ihr Bauchgefühl stimmte: Jennifer Lange verrät Babygeschlecht,"Jennifer Lange und Darius Zander wissen endlich, ob sie sich dieses Jahr über einen ""kleinen Darius oder eine kleine Jennifer"" freuen dürfen. Die schwangere Ex von ""Bachelor"" Andrej Mangold und ihr Verlobter enthüllen das Geschlecht ihres Kindes auf einer Gen…",https://bilder3.n-tv.de/img/incoming/crop22690610/0391321203-cImg_16_9-w1200/imago0046992823h.jpg,2024-06-03T08:17:18Z,,"Jennifer Lange und Darius Zander wissen endlich, ob sie sich dieses Jahr über einen ""kleinen Darius oder eine kleine Jennifer"" freuen dürfen. Die schwangere Ex von ""Bachelor"" Andrej Mangold und ihr V… [+1989 chars]",,de,'Geschlecht'
https://www.diepresse.com/18526880/tories-wollen-gesetz-zur-unterscheidung-von-biologischem-und-sozialem-geschlecht,https://www.diepresse.com/18526880/tories-wollen-gesetz-zur-unterscheidung-von-biologischem-und-sozialem-geschlecht,0,www.diepresse.com,Tories wollen Gesetz zur Unterscheidung von biologischem und sozialem Geschlecht,Die britischen Konservativen wollen eine schärfere Abgrenzung von biologischem zu sozialem Geschlecht gesetztlich verankern. Die Opposition spricht von zynischen Wahlkampftricks.,https://img.diepresse.com/public/incoming/ttay74-imago-images-0446134460/alternates/DPR_SOCIAL_NACHRICHTEN/imago%20images%200446134460,2024-06-03T10:18:25Z,,"Die britischen Konservativen wollen eine schärfere Abgrenzung von biologischem zu sozialem Geschlecht gesetztlich verankern. Die Opposition spricht von zynischen Wahlkampftricks. 
Die britischen Kon… [+1676 chars]",,de,'Geschlecht'
https://www.nzz.ch/panorama/sein-verdorbener-kaese-kostete-7-menschen-das-leben-am-mittwoch-wurde-ein-schwyzer-kaeser-wegen-mehrfacher-fahrlaessiger-toetung-verklagt-ld.1832794,https://www.nzz.ch/panorama/sein-verdorbener-kaese-kostete-7-menschen-das-leben-am-mittwoch-wurde-ein-schwyzer-kaeser-wegen-mehrfacher-fahrlaessiger-toetung-verklagt-ld.1832794,0,www.nzz.ch,Ein Biss in den Käse kann tödlich enden: Besonders Schwangere und Immunschwache sollten sich vor Listerien schützen,Ein Schwyzer Käser wurde wegen fahrlässiger Tötung verurteilt. Sein Käse war mit Listerien kontaminiert und kostete sieben Personen das Leben. Wie man sich vor der Lebensmittelvergiftung schützt.,"https://img.nzz.ch/2024/05/31/f40365a9-bbbb-43c2-97af-7781de269bd7.jpeg?width=1200&height=675&fit=bound&quality=75&auto=webp&crop=5568,3132,x0,y0&wmark=nzz",2024-06-03T12:27:53Z,,"Nach einem Listerioseskandal musste die Käserei in Steinerberg schliessen.
Übelkeit, Durchfall, Erbrechen: Oft ist eine Lebensmittelvergiftung nach einigen elendigen Stunden oder Tagen überstanden. … [+5427 chars]",,de,'Schwangere'
https://www.zeit.de/familie/2024-06/kita-bericht-2024-versorgung-familie-kinderbetreuung-paritaetischer-gesamtverband,https://www.zeit.de/familie/2024-06/kita-bericht-2024-versorgung-familie-kinderbetreuung-paritaetischer-gesamtverband,0,www.zeit.de,"Kinderbetreuung: Gestresste Familien? Ach, egal.","Alle sind sich einig: Kinder sind unsere Zukunft. Doch der Bund droht, aus der Finanzierung der Kitas auszusteigen. Das ist mehr als nur schlechtes Timing.",https://img.zeit.de/familie/2024-06/kita-bericht-2024-versorgung-familie-kinderbetreuung/wide__1300x731,2024-06-03T13:26:31Z,,"Hier ein paar Phrasen, die
regelmäßig dafür sorgen, dass sich beim Thema Kita alle sediert zurücklehnen:
Kinder sind unsere Zukunft. Frühkindliche Bildung ist superwichtig. Die
Vereinbarkeit von F… [+559 chars]",,de,'Kinder'
https://www.faz.net/aktuell/gesellschaft/menschen/papst-franziskus-geschwaetz-ist-frauensache-19761629.html,https://www.faz.net/aktuell/gesellschaft/menschen/papst-franziskus-geschwaetz-ist-frauensache-19761629.html,0,www.faz.net,Papst Franziskus: Geschwätz ist „Frauensache“,"Nach seinem Kommentar über Homosexuelle soll Papst Franziskus sich nun zum Wesen der Geschlechter geäußert haben: Männer „tragen Hosen“, Frauen tratschen.",https://media1.faz.net/ppmedia/aktuell/politik/4262474017/1.9761661/facebook_teaser/papst-franziskus-waehrend.jpg,2024-06-03T15:36:42Z,,"Über den ersten Vorfall hatte zuerst die investigative Plattform Dagospia berichtet, über den zweiten schreibt nun das katholische Portal Silere non possum (Ich kann nicht schweigen). Nachdem mehrere… [+1560 chars]",,de,'Geschlecht'
https://www.zeit.de/news/2024-06/03/feuerwehr-befreit-zurueckgelassene-kinder-aus-auto,https://www.zeit.de/news/2024-06/03/feuerwehr-befreit-zurueckgelassene-kinder-aus-auto,0,www.zeit.de,Polizei ermittelt: Feuerwehr befreit zurückgelassene Kinder aus Auto,Hier finden Sie Informationen zu dem Thema „Polizei ermittelt“. Lesen Sie jetzt „Feuerwehr befreit zurückgelassene Kinder aus Auto“.,https://img.zeit.de/news/2024-06/03/feuerwehr-befreit-zurueckgelassene-kinder-aus-auto-image-group/wide__1300x731,2024-06-03T17:23:18Z,,Ein Paar aus dem Nachbarbundesland Brandenburg hat beim Besuch des Immergut-Musikfestivals in Neustrelitz (Mecklenburg-Vorpommern) über das Feiern offenbar die im Auto zurückgelassenen Kinder vergess… [+2200 chars],,de,'Kinder'
https://www.zeit.de/news/2024-06/04/durchgaengig-am-limit-kindermediziner-schlagen-alarm,https://www.zeit.de/news/2024-06/04/durchgaengig-am-limit-kindermediziner-schlagen-alarm,0,www.zeit.de,"Gesundheit: ""Durchgängig am Limit"" - Kindermediziner schlagen Alarm","Hier finden Sie Informationen zu dem Thema „Gesundheit“. Lesen Sie jetzt „""Durchgängig am Limit"" - Kindermediziner schlagen Alarm“.",https://img.zeit.de/news/2024-06/04/durchgaengig-am-limit-kindermediziner-schlagen-alarm-image-group/wide__1300x731,2024-06-04T05:55:12Z,,"Führende Kindermediziner schlagen angesichts der Lage an deutschen Kinderkliniken Alarm. ""Inzwischen ist das System das gesamte Jahr durchgängig am Limit, nicht mehr nur während der Infektwellen im W… [+1713 chars]",,de,'Kinder'
https://www.stern.de/panorama/wissen/barmer-studie--regionale-unterschiede-bei-kieferorthopaedischer-behandlung-34767002.html,https://www.stern.de/panorama/wissen/barmer-studie--regionale-unterschiede-bei-kieferorthopaedischer-behandlung-34767002.html,0,www.stern.de,Barmer-Studie: Regionale Unterschiede bei kieferorthopädischer Behandlung,"Wie häufig Kinder beim Kieferorthopäden behandelt werden, hängt einer neuen Studie zufolge auch vom Bundesland ab. Und auch beim Geschlecht gibt es Unterschiede.",https://image.stern.de/34767004/t/rZ/v1/w1440/r1.7778/-/04--urnnewsmldpacom2009010124060499267727v2w800h600l607t549r1551b1352jpeg---5fe08479f5f321b8.jpg,2024-06-04T06:44:59Z,,"Wie häufig Kinder beim Kieferorthopäden behandelt werden, hängt einer neuen Studie zufolge auch vom Bundesland ab. Und auch beim Geschlecht gibt es Unterschiede.
Der Anteil der Kinder mit einer kief… [+2233 chars]",,de,'Geschlecht'
https://www.stern.de/gesellschaft/regional/bayern/wissenschaft--barmer--regionale-unterschiede-bei-kieferorthopaedischer-behandlung-34766696.html,https://www.stern.de/gesellschaft/regional/bayern/wissenschaft--barmer--regionale-unterschiede-bei-kieferorthopaedischer-behandlung-34766696.html,0,www.stern.de,Wissenschaft: Barmer: Regionale Unterschiede bei kieferorthopädischer Behandlung,"Gegen schiefe Zähne hilft eine Zahnspange. Wie häufig Kinder beim Kieferorthopäden behandelt werden, hängt einer neuen Studie zufolge auch vom Bundesland ab. Und auch beim Geschlecht gibt es Unterschiede.",https://image.stern.de/6681672/t/31/v5/w1440/r1.7778/-/video-fallback-image.jpg,2024-06-04T08:16:30Z,,"Gegen schiefe Zähne hilft eine Zahnspange. Wie häufig Kinder beim Kieferorthopäden behandelt werden, hängt einer neuen Studie zufolge auch vom Bundesland ab. Und auch beim Geschlecht gibt es Untersch… [+2287 chars]",,de,'Geschlecht'
https://www.n-tv.de/panorama/Maedchen-tragen-womoeglich-zu-oft-eine-Zahnspange-article24987747.html,https://www.n-tv.de/panorama/Maedchen-tragen-womoeglich-zu-oft-eine-Zahnspange-article24987747.html,0,www.n-tv.de,Schönheitsideal und Gruppendruck: Mädchen tragen womöglich zu oft eine Zahnspange,Laut einer Studie der Barmer-Krankenkasse werden je nach Bundesland unterschiedlich viele Kinder kieferorthopädisch behandelt. Die Zahlen deuten auf eine Übertherapie hin - vor allem abhängig vom Geschlecht.,https://bilder3.n-tv.de/img/incoming/crop24987798/7901326821-cImg_16_9-w1200/400934839.jpg,2024-06-04T09:36:53Z,,Laut einer Studie der Barmer-Krankenkasse werden je nach Bundesland unterschiedlich viele Kinder kieferorthopädisch behandelt. Die Zahlen deuten auf eine Übertherapie hin - vor allem abhängig vom Ges… [+1670 chars],,de,'Kinder'
https://www.focus.de/wissen/natur/wetterphaenomen-gibt-es-im-juni-einen-kaelteeinbruch-das-muessen-sie-zur-schafskaelte-wissen_id_259987962.html,https://www.focus.de/wissen/natur/wetterphaenomen-gibt-es-im-juni-einen-kaelteeinbruch-das-muessen-sie-zur-schafskaelte-wissen_id_259987962.html,0,www.focus.de,Wetterphänomen - Gibt es im Juni einen Kälteeinbruch? Das müssen Sie zur Schafskälte wissen,"Auch wenn die Temperaturen in den nächsten Tagen steigen, könnte es im Juni zu einem Temperatursturz kommen. Lesen Sie hier, was Sie zur Schafskälte wissen müssen.Von FOCUS-online-Redakteurin Julia Mosberger",https://p6.focus.de/img/fotos/id_259988062/schafskaelte.jpg?im=Crop%3D%280%2C288%2C3464%2C1732%29%3BResize%3D%281200%2C627%29&impolicy=perceptual&quality=mediumHigh&hash=457ee200095f7369488828cce0f65800d347d557433e3c9f46f08d1080c08294,2024-06-04T09:42:03Z,,"Auch wenn die Temperaturen in den nächsten Tagen steigen, könnte es im Juni zu einem Temperatursturz kommen. Lesen Sie hier, was Sie zur Schafskälte wissen müssen. Die Schafskälte naht! Dieses erstau… [+2746 chars]",,de,'Kälte'
https://www.faz.net/aktuell/wissen/leben-gene/kinder-finden-fossil-von-jungem-tyrannosaurus-rex-teen-rex-19763844.html,https://www.faz.net/aktuell/wissen/leben-gene/kinder-finden-fossil-von-jungem-tyrannosaurus-rex-teen-rex-19763844.html,0,www.faz.net,Ein halbstarker T. rex,Wie sahen jugendliche Tyrannosaurier aus? Ein neues Fossil namens „Teen rex“ könnte diese Frage beantworten. Kinder haben es durch Zufall in North Dakota gefunden.,https://media0.faz.net/ppmedia/aktuell/gesellschaft/2513019860/1.9763894/facebook_teaser/hatten-junge-t-rex-wirklich.jpg,2024-06-04T10:15:04Z,,"Die Brüder Liam und Jessin waren den Angaben zufolge sieben und zehn, ihr Cousin Kaiden neun Jahre alt, als sie bei einer Wanderung der Familie im Juli 2022 im Badlands-Nationalpark im US-Bundesstaat… [+1501 chars]",,de,'Kinder'
https://www.welt.de/vermischtes/video251853472/Transfrau-beim-Frauenfitness-Person-ist-nach-wie-vor-biologisch-ein-Mann.html,https://www.welt.de/vermischtes/video251853472/Transfrau-beim-Frauenfitness-Person-ist-nach-wie-vor-biologisch-ein-Mann.html,0,www.welt.de,"„Der Punkt ist, diese Person ist nach wie vor biologisch ein Mann“","Eine anerkannte Transfrau möchte in ein Frauenfitnessstudio, um dort zu trainieren. Die Besitzerin lehnt dies jedoch ab. „Ich halte es für richtig, dass es Bereich gibt, in denen das biologische Geschlecht entscheidend ist“, sagt WELT-Kolumnistin Kristina Sch…",https://img.welt.de/img/vermischtes/mobile251853628/2491352967-ci16x9-w1200/dpa-5FB18200CA0CE9BF-jpg.jpg,2024-06-04T10:21:33Z,,"Die WELT als ePaper: Die vollständige Ausgabe steht Ihnen bereits am Vorabend zur Verfügung so sind Sie immer hochaktuell informiert. Weitere Informationen: http://epaper.welt.de 
 Der Kurz-Link die… [+49 chars]",,de,'Geschlecht'
https://www.stern.de/wirtschaft/news/boerse--kfw-verkauft-telekom-aktien-im-milliardenwert-34768440.html,https://www.stern.de/wirtschaft/news/boerse--kfw-verkauft-telekom-aktien-im-milliardenwert-34768440.html,0,www.stern.de,Börse: KfW verkauft Telekom-Aktien im Milliardenwert,Erneut macht der Bund über die Förderbank KfW einen Teil seiner Telekom-Aktien zu Geld. Es wird angesichts leerer Kassen dringend benötigt - für die Sanierung der maroden Deutschen Bahn.,https://image.stern.de/34768442/t/sK/v1/w1440/r1.7778/-/04--urnnewsmldpacom2009010124060499270928v3w800h600l909t510r1775b1202jpeg---1272506ad07b690d.jpg,2024-06-04T11:02:50Z,,"Erneut macht der Bund über die Förderbank KfW einen Teil seiner Telekom-Aktien zu Geld. Es wird angesichts leerer Kassen dringend benötigt - für die Sanierung der maroden Deutschen Bahn.
Die staatli… [+2571 chars]",,de,'Sanierung'
https://www.focus.de/finanzen/news/boerse-kfw-verkauft-telekom-aktien-im-milliardenwert_id_260004723.html,https://www.focus.de/finanzen/news/boerse-kfw-verkauft-telekom-aktien-im-milliardenwert_id_260004723.html,0,www.focus.de,Börse - KfW verkauft Telekom-Aktien im Milliardenwert,Erneut macht der Bund über die Förderbank KfW einen Teil seiner Telekom-Aktien zu Geld. Es wird angesichts leerer Kassen dringend benötigt - für die Sanierung der maroden Deutschen Bahn.,https://p6.focus.de/img/finanzen/news/id_260004720/insgesamt-erloest-die-foerderbank-mit-dem-verkauf-rund-2-43-milliarden-euro..jpg?im=Crop%3D%280%2C211%2C2048%2C1024%29%3BResize%3D%281200%2C627%29&impolicy=perceptual&quality=mediumHigh&hash=ae1249ba2acbb7abb082661782235cc25a2ef02dda82080134a72ad933197824,2024-06-04T11:05:05Z,,Die staatliche Förderbank KfW trennt sich erneut von Telekom-Aktien und erlöst eine Milliardensumme für den Bund. Nach Angaben des Bundesfinanzministeriums soll das Geld der Bahn zugutekommen. «Der B… [+2374 chars],,de,'Sanierung'
https://www.sueddeutsche.de/wirtschaft/telekom-telekom-aktien-bahn-bahnsanierung-lux.GteG2TxQBNqaz4mdmQhxrw,https://www.sueddeutsche.de/wirtschaft/telekom-telekom-aktien-bahn-bahnsanierung-lux.GteG2TxQBNqaz4mdmQhxrw,0,www.sueddeutsche.de,Staat und Unternehmen: Der Bund verkauft Millionen Telekom-Aktien,"Die Staatsbank KfW trennt sich von Telekom-Anteilen im Wert von fast 2,5 Milliarden Euro. Der Erlös des Verkaufs soll der Sanierung der Bahn zugutekommen.",https://www.sueddeutsche.de/szde-assets/img/szde-article-sharing-image-no-teaser-image-fallback.png,2024-06-04T11:17:18Z,,"Der Bund wird den ihm zufließenden Nettoerlös einsetzen, um das Eigenkapital der Deutsche Bahn AG zu stärken und die Bahninfrastruktur in Deutschland zukunftsweisend auszubauen, erklärte das Bundesfi… [+1579 chars]",,de,'Sanierung'
https://www.diepresse.com/18531533/deutscher-staat-paeppelt-die-bahn-mit-dem-verkauf-von-telekom-aktien-auf,https://www.diepresse.com/18531533/deutscher-staat-paeppelt-die-bahn-mit-dem-verkauf-von-telekom-aktien-auf,0,www.diepresse.com,Deutscher Staat päppelt die Bahn mit dem Verkauf von Telekom-Aktien auf,Die Sanierung der Deutschen Bahn kostet Geld. Dieses hat sich der Staat nun mit dem Verkauf von Anteilen an der Deutschen Telekom geholt.,https://img.diepresse.com/public/incoming/ogvcae-imago-images-0170949216/alternates/DPR_SOCIAL_NACHRICHTEN/imago%20images%200170949216,2024-06-04T12:17:17Z,,"Die Sanierung der Deutschen Bahn kostet Geld. Dieses hat sich der Staat nun mit dem Verkauf von Anteilen an der Deutschen Telekom geholt. 
Der deutsche Staat hat binnen weniger Stunden 2,43 Milliard… [+3058 chars]",,de,'Sanierung'
https://www.tagesspiegel.de/wirtschaft/mittel-fur-bahn-sanierung-staatliche-forderbank-kfw-verkauft-telekom-aktien-im-milliardenwert-11765381.html,https://www.tagesspiegel.de/wirtschaft/mittel-fur-bahn-sanierung-staatliche-forderbank-kfw-verkauft-telekom-aktien-im-milliardenwert-11765381.html,0,www.tagesspiegel.de,Mittel für Bahn-Sanierung: Staatliche Förderbank KfW verkauft Telekom-Aktien im Milliardenwert,"Die KfW-Bank stößt Telekom-Aktien ab und erlöst dadurch 2,43 Milliarden Euro. Mit dem Geld soll das Eigenkapital der Bahn AG aufgestockt werden.",https://www.tagesspiegel.de/images/forderbank-kfw/alternates/BASE_16_9_W1400/foerderbank-kfw.jpeg,2024-06-04T13:11:51Z,,Die staatliche Förderbank KfW trennt sich erneut von Telekom-Aktien und erlöst eine Milliardensumme für den Bund. Nach Angaben des Bundesfinanzministeriums soll das Geld der Bahn zugutekommen. Der Bu… [+640 chars],,de,'Sanierung'
https://www.n-tv.de/panorama/Geschmack-der-Heimat-geliefert-von-einer-Drohne-article24980752.html,https://www.n-tv.de/panorama/Geschmack-der-Heimat-geliefert-von-einer-Drohne-article24980752.html,0,www.n-tv.de,"Borschtsch im Schützengraben: Geschmack der Heimat, geliefert von einer Drohne","Eines der schlimmsten Probleme in einem Schützengraben ist ganz sicher der Hunger. Aber auch Kälte, Einsamkeit und die Angst, dass man vergessen wird an diesem schrecklichsten aller Orte. Gegen dieses Gefühl versucht die Ukrainerin Olga Belenko anzukämpfen: S…",https://bilder1.n-tv.de/img/incoming/crop24988320/2891329776-cImg_16_9-w1200/OlgaBorscht-06-002-.jpg,2024-06-04T16:32:52Z,,"Eines der schlimmsten Probleme in einem Schützengraben ist ganz sicher der Hunger. Aber auch Kälte, Einsamkeit und die Angst, dass man vergessen wird an diesem schrecklichsten aller Orte. Gegen diese… [+5909 chars]",,de,'Kälte'
https://www.zeit.de/sport/2024-06/wdr-umfrage-fussball-rassismus-nationalmannschaft,https://www.zeit.de/sport/2024-06/wdr-umfrage-fussball-rassismus-nationalmannschaft,0,www.zeit.de,"WDR-Umfrage: ""Meine Kinder machen Rassismus-Erfahrungen wie ich vor 40 Jahren""","Jeder Fünfte will eine ""weißere"" Nationalmannschaft. Die Empörung über die Frage geht am Problem vorbei, sagen Experten und Betroffene. Was stattdessen getan werden muss.",https://img.zeit.de/sport/2024-06/wdr-umfrage-fussball-rassismus-nationalmannschaft-teaser/wide__1300x731,2024-06-04T17:01:48Z,,"In einer Umfrage des WDR wünschten sich ein Fünftel der Befragten ""mehr weiße Spieler in der Nationalmannschaft"". Was nun? Ein Gespräch mit Otto Addo, ehemaliger deutsch-ghanaischer Fußballprofispiel… [+580 chars]",,de,'Kinder'
https://taz.de/Krieg-in-Nahost/!6011775/,https://taz.de/Krieg-in-Nahost/!6011775/,0,taz.de,Krieg in Nahost: Die Kinder vom 7. Oktober,Über den Hamas-Angriff auf Israel kursieren seit Monaten unbelegte Behauptungen. Ein Faktencheck zum Schicksal der israelischen Kinder an jenem Tag.,https://taz.de/picture/7041885/948/Israel-Hamas-Terror-Kinder-Jugendliche-1.jpeg,2024-06-05T08:52:00Z,,"Über den Hamas-Angriff auf Israel kursieren seit Monaten unbelegte Behauptungen. Ein Faktencheck zum Schicksal der israelischen Kinder an jenem Tag.
Fest steht, dass Dutzende Kinder und Jugendliche … [+8301 chars]",,de,'Schwangere'
https://kaernten.orf.at/stories/3259933/,https://kaernten.orf.at/stories/3259933/,0,kaernten.orf.at,Rechnungshof kritisiert Stiegerhof-Sanierung,"Der Landesrechnungshof hat die geplante Sanierung der landwirtschaftlichen Fachschule Stiegerhof in der Gemeinde Finkenstein untersucht. Knapp 47 Millionen Euro sollen investiert werden. Die Landeskontrollore kritisierten, dass die geplanten Balkone vor den K…",https://ibs.orf.at/ktn?image=https%3A%2F%2Foekastatic.orf.at%2Fmims%2F2024%2F21%2F56%2Fcrops%2Fw%3D1200%2Ch%3D627%2Cq%3D75%2F2213261_master_839756_rohmaterial_ama_pferde___231127_hofmeister_00_00_34_13.jpg%3Fs%3D5dfce4596e5195b11406d647beb091d0efe88020,2024-06-05T10:23:22Z,,"Die Bausubstanz der Fachschule Stiegerhof ist veraltet, zuletzt wurde das Gebäude Ende der 1960er Jahre aus- und umgebaut, eine Generalsanierung ist notwendig. 46,8 Millionen Euro sollen in den komme… [+1201 chars]",,de,'Sanierung'
https://hallespektrum.de/nachrichten/politik/reichards-garten/466037/,https://hallespektrum.de/nachrichten/politik/reichards-garten/466037/,0,hallespektrum.de,"Karamba Diaby: 1,2 Millionen Euro Bundesmittel für Reichardts Garten","Der hallesche SPD-Bundestagsabgeordnete Karamba Diaby freut sich über den heutigen Beschluss des Haushaltsausschusses, die Sanierung von Reichardts Garten mit 1,2 Millionen Euro aus dem Bundesprogramm „Anpassung urbaner Räume an den Klimawandel“ zu fördern. D…",https://hallespektrum.de/wp-content/uploads/2018/07/reichardt-14-unterer-garten-interessante-baeume.jpg,2024-06-05T12:59:52Z,,"Der hallesche SPD-Bundestagsabgeordnete Karamba Diaby freut sich über den heutigen Beschluss des Haushaltsausschusses, die Sanierung von Reichardts Garten mit 1,2 Millionen Euro aus dem Bundesprogram… [+1853 chars]",,de,'Sanierung'
https://www.focus.de/finanzen/news/viele-bekannte-marken-betroffen-beliebter-onlineshop-rutscht-in-die-insolvenz_id_260008767.html,https://www.focus.de/finanzen/news/viele-bekannte-marken-betroffen-beliebter-onlineshop-rutscht-in-die-insolvenz_id_260008767.html,0,www.focus.de,80 Mitarbeiter betroffen - Investor jetzt dringend gesucht: Modeunternehmen Styleboom meldet Insolvenz an,Das vor allem für seinen Onlineshop bekannte Modeunternehmen Styleboom ist insolvent. Zur Sanierung soll nun ein Investor gefunden werden.,https://p6.focus.de/img/fotos/id_260009211/der-mode-onlineshop-stylebook-ist-insolvent..jpg?im=Crop%3D%280%2C0%2C2121%2C1061%29%3BResize%3D%281200%2C627%29&impolicy=perceptual&quality=mediumHigh&hash=f66c1a3f9c4d52f5fb730ee3983638f08c4faa2494da0a1413da4b6c993dece6,2024-06-05T13:55:09Z,,In der Modebranche kommt es zu einer weiteren Erschütterung: Die Styleboom Textilhandel GmbH &amp; Co. KG steht vor finanziellen Schwierigkeiten. Nach der Gründung im Jahr 2009 muss das Unternehmen n… [+1148 chars],,de,'Sanierung'
https://www.zeit.de/zett/2024-06/frauen-kinder-freiheit-alter,https://www.zeit.de/zett/2024-06/frauen-kinder-freiheit-alter,0,www.zeit.de,"Frauen ohne Kinder: ""Ich pflege lieber mein soziales Netz, als es mir selbst zu gebären""","Vier Frauen aus vier Generationen sprechen darüber, was es bedeutet, in dieser Gesellschaft keine Kinder zu haben. Und warum sie ihre Entscheidung nicht bereuen.",https://img.zeit.de/zett/2024-05/frauen-kinder-freiheit-alter-header/wide__1300x731,2024-06-05T13:59:04Z,,"Wie ist es, wenn man so gar keinen Wunsch nach Kindern hat und vielleicht auch niemals verspürte? Das haben wir unsere Leser:innen gefragt und fast 10.000 Antworten erhalten. Vier Frauen haben wir ge… [+416 chars]",,de,'Kinder'
https://www.zeit.de/zeit-magazin/2024/25/harald-martenstein-preisverleihung-jury-fairness,https://www.zeit.de/zeit-magazin/2024/25/harald-martenstein-preisverleihung-jury-fairness,0,www.zeit.de,"Harald Martenstein: Über den Vorzug von Preisen, die nach Hautfarbe und Geschlecht vergeben werden","Preise nach Hautfarbe und Geschlecht sind für unseren Kolumnisten kein Skandal, sondern eine Arbeitserleichterung für die Jury und eine Orientierungshilfe fürs Publikum.",https://img.zeit.de/zeit-magazin/leben/2024-06/harald-martenstein-preisverleihung-jury-fairness-bild/wide__72C3E6__1300x731,2024-06-05T14:57:46Z,,"Im Laufe meines etwa hundertjährigen Berufslebens durfte auch ich in einigen Jurys sitzen. Mehrere Male etwa beim Adolf-Grimme-Fernsehpreis, weil ich mal Fernsehkritiker war, ein Job, der sich gut zu… [+745 chars]",,de,'Geschlecht'
https://www.zeit.de/gesellschaft/2024-06/strafmuendigkeit-alter-gewalt-kinder-oesterreich-schweiz-alpenpodcast,https://www.zeit.de/gesellschaft/2024-06/strafmuendigkeit-alter-gewalt-kinder-oesterreich-schweiz-alpenpodcast,0,www.zeit.de,Strafmündigkeit: Kinder hinter Gittern?,"Österreich will das Strafmündigkeitsalter senken, in der Schweiz können schon jetzt Zehnjährige verurteilt werden. Und in Deutschland droht eine Musikschulkatastrophe.",https://img.zeit.de/gesellschaft/2024-06/strafmuendigkeit-alter-gewalt-kinder-oesterreich-schweiz-alpenpodcast-2/wide__1300x731,2024-06-05T16:21:37Z,,"Stacheldraht an einem Schweizer Gefängnis in dem keine Kinder sitzen© [M] Fabrice Coffrini/AFP/Getty Images
Grausame Fälle von Gewalttaten durch Kinder machen in Österreich Schlagzeilen. Minister fo… [+2138 chars]",,de,'Kinder'
https://www.stern.de/gesellschaft/regional/sachsen-anhalt/halle--1-2-millionen-euro-fuer-sanierung-historischer-parkanlage-34773144.html,https://www.stern.de/gesellschaft/regional/sachsen-anhalt/halle--1-2-millionen-euro-fuer-sanierung-historischer-parkanlage-34773144.html,0,www.stern.de,"Halle: 1,2 Millionen Euro für Sanierung historischer Parkanlage",In diesem Park soll schon Johann Wolfgang Goethe flaniert sein. Reichardts Garten in Halle wurde vor über 200 Jahren angelegt. Seit einigen Jahren hinterlässt der Klimawandel seine Spuren.,https://image.stern.de/34773146/t/fP/v1/w1440/r1.7778/-/05--urnnewsmldpacom2009010124060599289596v3w800h600l977t671r1609b1006jpeg---ba62b9e412b0fb6e.jpg,2024-06-05T16:49:50Z,,"In diesem Park soll schon Johann Wolfgang Goethe flaniert sein. Reichardts Garten in Halle wurde vor über 200 Jahren angelegt. Seit einigen Jahren hinterlässt der Klimawandel seine Spuren.
Die Stadt… [+1188 chars]",,de,'Sanierung'
https://tirol.orf.at/stories/3260029/,https://tirol.orf.at/stories/3260029/,0,tirol.orf.at,Hohe Förderungen bei Sanierungen nutzen,"Im Zeitraum Mai 2023 bis Mai 2024 sind laut Energieausweisdatenbank 850 Wohngebäude in Tirol umfassend thermisch saniert worden. Hinzu kommen weitere Einzel- und Teilsanierungsmaßnahmen, die statistisch nicht erfasst werden. Das teilte die Energieagentur Tiro…",https://ibs.orf.at/tir?image=https%3A%2F%2Foekastatic.orf.at%2Fmims%2F2024%2F23%2F09%2Fcrops%2Fw%3D1200%2Ch%3D627%2Cq%3D75%2F2231749_master_847309_sanieren.jpg%3Fs%3Dfee2abf6b41c1f3390299c42352e155e4b782bbc,2024-06-05T17:25:08Z,,"Um die Sanierungsrate in Tirol langfristig zu erhöhen, werden Sanierungen von Bund und Land Tirol heuer mit Förderquoten von bis zu 100 Prozent stark finanziell unterstützt. Denn nicht nur wenn die a… [+2094 chars]",,de,'Sanierung'
https://www.nzz.ch/meinung/geschlecht-eine-biologische-realitaet-wird-zur-projektionsflaeche-fuer-identitaet-ld.1832711,https://www.nzz.ch/meinung/geschlecht-eine-biologische-realitaet-wird-zur-projektionsflaeche-fuer-identitaet-ld.1832711,0,www.nzz.ch,"KOMMENTAR - Geschlechtsidentitäten gibt es nicht: Es braucht keinen Penis, um Elektrotechnik zu studieren und keine Brüste für Ballett","Heute definieren wieder Herkunft und Geschlecht die Persönlichkeit – das ist Ausdruck des identitätspolitischen Zeitgeists. Immer mehr junge Menschen wollen ihre Körper umoperieren, weil ihre Eigenschaften vermeintlich nicht zu ihrer Biologie passen. Nur: Ide…","https://img.nzz.ch/2024/06/04/e2e1cc1c-6d11-45c1-973a-78d4df1322ef.jpeg?crop=3055,1718,x204,y125&quality=75&auto=webp?width=1200&height=674&fit=bound&quality=75&auto=webp&wmark=nzz",2024-06-06T03:30:00Z,,"Sigmund Freud sagte einmal, Anatomie sei Schicksal. Ob er angesichts der seelischen Befindlichkeit der heutigen Menschen sofort wegrennen oder fasziniert die Brille zurechtrücken würde, werden wir wo… [+7845 chars]",,de,'Geschlecht'
https://wien.orf.at/stories/3259980/,https://wien.orf.at/stories/3259980/,0,wien.orf.at,mumok öffnet nach Sanierung mit Fest,"Das Museum moderner Kunst Stiftung Ludwig, das mumok, wird heute wiedereröffnet. Seit Jänner war es geschlossen, weil es saniert werden musste. Das Gebäude war unter anderem undicht. Gefeiert wird Wiedereröffnung mit einem Fest, bei freiem Eintritt.",https://ibs.orf.at/wie?image=https%3A%2F%2Foekastatic.orf.at%2Fmims%2F2024%2F23%2F10%2Fcrops%2Fw%3D1200%2Ch%3D627%2Cq%3D75%2F2231286_master_847110_meldungsliste15.jpg%3Fs%3D927b2af59c549affeced03fc460d1acd8041779a,2024-06-06T04:00:00Z,,"Das Museum war laut Direktorin Karola Kraus von Beginn an undicht. 2001 war das graue Gebäude im MuseumsQuartier (MQ) eröffnet worden, nach 23 Jahren wurde es nun um rund sechs Millionen Euro general… [+1807 chars]",,de,'Sanierung'
https://www.zeit.de/news/2024-06/06/aktionstag-hoher-alkoholkonsum-schadet-auch-dritten,https://www.zeit.de/news/2024-06/06/aktionstag-hoher-alkoholkonsum-schadet-auch-dritten,0,www.zeit.de,Sucht: Aktionstag: Hoher Alkoholkonsum schadet auch Dritten,"Hier finden Sie Informationen zu dem Thema „Sucht“. Lesen Sie jetzt „Hoher Alkoholkonsum gefährdet auch Partner, Kinder, Kollegen“.",https://img.zeit.de/news/2024-06/06/aktionstag-hoher-alkoholkonsum-schadet-auch-dritten-image-group/wide__1300x731,2024-06-06T04:03:07Z,,"Konsum und Abhängigkeit schaden nicht nur denen, die Alkohol in riskanten Mengen zu sich nehmen, sondern wirken sich auch negativ auf das soziale Umfeld und die Gesellschaft insgesamt auf. Darauf hat… [+2485 chars]",,de,'Kinder'
https://www.stern.de/panorama/sucht--hoher-alkoholkonsum-gefaehrdet-auch-partner--kinder--kollegen-34773458.html,https://www.stern.de/panorama/sucht--hoher-alkoholkonsum-gefaehrdet-auch-partner--kinder--kollegen-34773458.html,0,www.stern.de,"Sucht: Hoher Alkoholkonsum gefährdet auch Partner, Kinder, Kollegen","Ein riskanter Konsum belastet die, die den Alkohol trinken. Aber auch die Folgen für Dritte sind gravierend - für Kinder, Partner, Kollegen, warnen Suchtexperten.",https://image.stern.de/34773460/t/2D/v2/w1440/r1.7778/-/06--urnnewsmldpacom2009010124060699292035v3w800h600l640t422r1920b1272jpeg---40b224f2eaea3d27.jpg,2024-06-06T04:14:17Z,,"Ein riskanter Konsum belastet die, die den Alkohol trinken. Aber auch die Folgen für Dritte sind gravierend - für Kinder, Partner, Kollegen, warnen Suchtexperten.
Eine Tochter, die Angst hat, dass d… [+5478 chars]",,de,'Schwangere'
https://www.diepresse.com/18537005/mediziner-empfehlen-vorbeugendes-rsv-medikament-fuer-alle-neugeborenen,https://www.diepresse.com/18537005/mediziner-empfehlen-vorbeugendes-rsv-medikament-fuer-alle-neugeborenen,0,www.diepresse.com,Mediziner empfehlen vorbeugendes RSV-Medikament für alle Neugeborenen,"Nicht nur Risikokinder sollten eine Injektion mit Nirsevimab erhalten, so die Österreichische Gesellschaft für Kinder- und Jugendheilkunde.",https://img.diepresse.com/public/incoming/2erets-kein-Titel/alternates/DPR_SOCIAL_NACHRICHTEN/kein%20Titel,2024-06-06T05:48:06Z,,"Nicht nur Risikokinder sollten eine Injektion mit Nirsevimab erhalten, so die Österreichische Gesellschaft für Kinder- und Jugendheilkunde.
Die Österreichische Gesellschaft für Kinder- und Jugendhei… [+2745 chars]",,de,'Schwangere'
https://taz.de/Sanierung-des-Pergamonmuseums-in-Berlin/!6014020/,https://taz.de/Sanierung-des-Pergamonmuseums-in-Berlin/!6014020/,0,taz.de,Sanierung des Pergamonmuseums in Berlin: Ohne Rücksicht auf Verluste,Seit Herbst ist das Pergamonmuseum wegen Sanierung geschlossen. Von der Ausstellungsarchitektur aus den dreißiger Jahren wird wenig übrig bleiben.,https://taz.de/picture/7043967/948/35496242-1.jpeg,2024-06-06T06:00:00Z,,"Seit Herbst ist das Pergamonmuseum wegen Sanierung geschlossen. Von der Ausstellungsarchitektur aus den dreißiger Jahren wird wenig übrig bleiben.
Frühestens 2037 wird die Sanierung des Pergamon-Mus… [+6644 chars]",,de,'Sanierung'
https://www.stern.de/gesellschaft/regional/mecklenburg-vorpommern/tourismus--sanierungsarbeiten-an-der-seebruecke-rerik-laufen-34774734.html,https://www.stern.de/gesellschaft/regional/mecklenburg-vorpommern/tourismus--sanierungsarbeiten-an-der-seebruecke-rerik-laufen-34774734.html,0,www.stern.de,Tourismus: Sanierungsarbeiten an der Seebrücke Rerik laufen,Die Seebrücke in Rerik ist seit vier Jahren gesperrt. Die Sanierung ließ auf sich warten. Nun aber haben die Bauarbeiten begonnen. 2025 soll die 170 Meter lange Brücke wieder freigegeben werden.,https://image.stern.de/34774736/t/B0/v1/w1440/r1.7778/-/06--urnnewsmldpacom2009010124060699296455v3w800h600l509t245r1789b1013jpeg---a0ff3957dcb0e2ee.jpg,2024-06-06T09:43:31Z,,"Die Seebrücke in Rerik ist seit vier Jahren gesperrt. Die Sanierung ließ auf sich warten. Nun aber haben die Bauarbeiten begonnen. 2025 soll die 170 Meter lange Brücke wieder freigegeben werden.
Nac… [+1134 chars]",,de,'Sanierung'
https://www.n-tv.de/leute/Let-s-Dance-Profi-Isabel-Edvardsson-verraet-Geschlecht-ihres-dritten-Kindes-article24994012.html,https://www.n-tv.de/leute/Let-s-Dance-Profi-Isabel-Edvardsson-verraet-Geschlecht-ihres-dritten-Kindes-article24994012.html,0,www.n-tv.de,"Darauf haben Fans gewartet: ""Let's Dance""-Star Edvardsson verrät Babygeschlecht","Im April ist ""Let's Dance""-Profitänzerin Isabel Edvardsson Mutter geworden. Das Geschlecht ihres dritten Kindes macht sie zunächst zur Privatsache. Jetzt erfahren die neugierigen Fans aber endlich, ob es ein Junge oder ein Mädchen ist.",https://bilder1.n-tv.de/img/incoming/crop24994016/9591321897-cImg_16_9-w1200/437361952.jpg,2024-06-06T10:13:53Z,,"Im April ist ""Let's Dance""-Profitänzerin Isabel Edvardsson Mutter geworden. Das Geschlecht ihres dritten Kindes macht sie zunächst zur Privatsache. Jetzt erfahren die neugierigen Fans aber endlich, o… [+1953 chars]",,de,'Geschlecht'
https://www.tagesspiegel.de/berlin/bezirke/sanierung-am-strausberger-platz-in-berlin-friedrichshain-schwebender-ring-abgebaut-11776535.html,https://www.tagesspiegel.de/berlin/bezirke/sanierung-am-strausberger-platz-in-berlin-friedrichshain-schwebender-ring-abgebaut-11776535.html,0,www.tagesspiegel.de,Sanierung am Strausberger Platz in Berlin-Friedrichshain: „Schwebender Ring“ abgebaut,Der Brunnen am Strausberger Platz in Berlin wird saniert und dazu auch das Kunstwerk in der Mitte abgebaut. Erst 2027 soll wieder Wasser sprudeln.,https://www.tagesspiegel.de/images/img20240604131231jpg/alternates/BASE_16_9_W1400/img20240604131231jpg,2024-06-06T10:15:00Z,,Der Brunnen am Strausberger Platz in Berlin-Friedrichshain wird saniert: Die Metallkunst namens schwebender Ring des Kunstschmiedes Fritz Kühn in der Mitte wurde abgebaut und wird in Zusammenarbeit m… [+2240 chars],,de,'Sanierung'
https://www.focus.de/familie/rechtlichen-grauzone-name-adolf-fuer-kinder-in-deutschland-verboten-alle-infos_id_260011583.html,https://www.focus.de/familie/rechtlichen-grauzone-name-adolf-fuer-kinder-in-deutschland-verboten-alle-infos_id_260011583.html,0,www.focus.de,Rechtlichen Grauzone - Verbotener Vorname: Darf ich mein Kind Adolf nennen? Alle Infos,Ist der Name Adolf für Kinder aufgrund der Geschichte in Deutschland verboten? Alle Infos dazu finden Sie hier.Von FOCUS-online-Autorin Kira Welling,https://p6.focus.de/img/fotos/id_260011587/baby.jpg?im=Crop%3D%280%2C177%2C2121%2C1060%29%3BResize%3D%281200%2C627%29&impolicy=perceptual&quality=mediumHigh&hash=ac8c821452cd2e807441401421ee497520da847fb18f360a0d17b5dde8d26f48,2024-06-06T10:37:05Z,,Ist der Name Adolf für Kinder aufgrund der Geschichte in Deutschland verboten? Alle Infos dazu finden Sie hier.Vor rund 150 Jahren war Adolf in weiten Teilen Deutschlands ein recht gebräuchlicher Vor… [+1561 chars],,de,'Kinder'
https://www.zeit.de/politik/2024-06/lindner-kinderfreibetrag-steuern-familien-regelbedarf,https://www.zeit.de/politik/2024-06/lindner-kinderfreibetrag-steuern-familien-regelbedarf,0,www.zeit.de,Steuern: Christian Lindner will Kinderfreibetrag rückwirkend erhöhen,Bundesfinanzminister Lindner will den Steuerfreibetrag für Kinder für 2024 und 2025 erhöhen. Von den Freibeträgen profitieren vor allem Menschen mit hohen Einkommen.,https://img.zeit.de/politik/deutschland/2024-06/christian-lindner-kinderfreibetrag-bild/wide__1300x731,2024-06-06T15:42:26Z,,Bundesfinanzminister Christian Lindner (FDP) will den Kinderfreibetrag für dieses Jahr rückwirkend um mehr als 200 Euro erhöhen. Der Freibetrag in der Lohn- und Einkommenssteuer solle auf 9.540 Euro … [+2218 chars],,de,'Kinder'
https://www.stern.de/lifestyle/leute/-let-s-dance--star-isabel-edvardsson--sie-verraet-das-geschlecht-ihres-neuen-kindes-34775964.html,https://www.stern.de/lifestyle/leute/-let-s-dance--star-isabel-edvardsson--sie-verraet-das-geschlecht-ihres-neuen-kindes-34775964.html,0,www.stern.de,"""Let's Dance""-Star Isabel Edvardsson: Sie verrät das Geschlecht ihres neuen Kindes","Einige Monate nach der Geburt ihres dritten Kindes hat ""Let's Dance""-Star Isabel Edvardsson das Geschlecht ihres Nachwuchses verraten.",https://image.stern.de/34775968/t/_g/v1/w1440/r1.7778/-/06--sie-verraet-das-geschlecht-ihres-neuen-kindes---16-9---spoton-article-1068248.jpg,2024-06-06T15:51:00Z,,"Einige Monate nach der Geburt ihres dritten Kindes hat ""Let's Dance""-Star Isabel Edvardsson das Geschlecht ihres Nachwuchses verraten.
Die aus der RTL-Tanzshow ""Let's Dance"" bekannte Profitänzerin I… [+1572 chars]",,de,'Geschlecht'
https://www.brigitte.de/aktuell/-let-s-dance--star-isabel-edvardsson--sie-verraet-das-geschlecht-ihres-dritten-kindes-13827290.html,https://www.brigitte.de/aktuell/-let-s-dance--star-isabel-edvardsson--sie-verraet-das-geschlecht-ihres-dritten-kindes-13827290.html,0,www.brigitte.de,"""Let's Dance""-Star Isabel Edvardsson: Sie verrät das Geschlecht ihres dritten Kindes","Einige Monate nach der Geburt ihres dritten Kindes hat ""Let's Dance""-Star Isabel Edvardsson das Geschlecht ihres Nachwuchses verraten.",https://image.brigitte.de/13827292/t/Kd/v1/w1440/r1.7778/-/06--sie-verraet-das-geschlecht-ihres-dritten-kindes---1-1---spoton-article-1068248.jpg,2024-06-06T15:52:00Z,,"Einige Monate nach der Geburt ihres dritten Kindes hat ""Let's Dance""-Star Isabel Edvardsson das Geschlecht ihres Nachwuchses verraten.
Die aus der RTL-Tanzshow ""Let's Dance"" bekannte Profitänzerin I… [+1614 chars]",,de,'Geschlecht'
https://wien.orf.at/stories/3260183/,https://wien.orf.at/stories/3260183/,0,wien.orf.at,Psychische Probleme: Mehr Hilfe für Junge,"Damit Kinder und Jugendliche gesund aufwachsen können, brauchen sie teilweise psychologische oder psychotherapeutische Unterstützung. Therapie-Plätze gibt es in Wien aber nach wie vor zu wenige. Mehr Plätze soll es nun im Projekt „Gesund aus der Krise“ geben.",https://ibs.orf.at/wie?image=https%3A%2F%2Foekastatic.orf.at%2Fmims%2F2024%2F12%2F54%2Fcrops%2Fw%3D1200%2Ch%3D627%2Cq%3D75%2F2144416_master_811654_downloadmedium.jpg%3Fs%3D476486f5501e38ca6eddeeaaa560c6aacba4321c,2024-06-07T03:00:00Z,,"Mehr als die Hälfte aller Kinder, Jugendlichen und jungen Erwachsenen sind von depressiven Symptomen betroffen. Fast jeder zweite junge Mensch leidet an Schlafstörungen, und rund ein Drittel hat Angs… [+2896 chars]",,de,'Geschlecht'
https://www.diepresse.com/18498832/heute-vor-90-jahren-immer-mehr-frauen-an-den-universitaeten,https://www.diepresse.com/18498832/heute-vor-90-jahren-immer-mehr-frauen-an-den-universitaeten,0,www.diepresse.com,Heute vor 90 Jahren: Immer mehr Frauen an den Universitäten [premium],Im letzten Studienjahr entfiel an Österreichs Universitäten fast ein Viertel der Hörerschaft auf das weibliche Geschlecht.,https://img.diepresse.com/public/incoming/84t83w-Unbenannt-1_bearbeitet-2_1573327141100231.jpg/alternates/DPR_SOCIAL_MAGAZIN_PAID/Unbenannt-1_bearbeitet-2_1573327141100231.jpg,2024-06-07T04:27:00Z,,"Im letzten Studienjahr entfiel an Österreichs Universitäten fast ein Viertel der Hörerschaft auf das weibliche Geschlecht.
Neue Freie Presse am 7. Juni 1934
Es hat eine Zeit gegeben, in der ein hef… [+540 chars]",,de,'Geschlecht'
https://www.stern.de/lifestyle/leute/vip-news---let-s-dance--taenzerin-isabel-edvardsson-verraet-geschlecht-ihres-dritten-kindes-3205306.html,https://www.stern.de/lifestyle/leute/vip-news---let-s-dance--taenzerin-isabel-edvardsson-verraet-geschlecht-ihres-dritten-kindes-3205306.html,0,www.stern.de,"Leute von heute: ""Let's Dance""-Tänzerin Isabel Edvardsson verrät Geschlecht ihres dritten Kindes",Tänzerin Isabel Edvardsson wurde vor wenigen Wochen zum dritten Mal Mutter. Jetzt gab sie weitere Details über ihren Nachwuchs bekannt. Diese und weitere Promi-Meldungen in den VIP-News.,https://image.stern.de/34777514/t/t4/v3/w1440/r1.7778/-/isabel-edvardsson.jpg,2024-06-07T08:12:00Z,,"Von ""A"" wie Angelina Jolie oder Amal Clooney über ""H"" wie Heidi Klum und Helene Fischer bis ""Z"" wie Zac Efron und Zara Tindall: In der Welt der Promis ist immer etwas los. Ob sich nun neue Paare find… [+494 chars]",,de,'Geschlecht'
https://de.catholicnewsagency.com/news/15903/kurienmitarbeiter-graulich-man-kann-sein-geschlecht-nicht-selbst-bestimmen-oder-andern,https://de.catholicnewsagency.com/news/15903/kurienmitarbeiter-graulich-man-kann-sein-geschlecht-nicht-selbst-bestimmen-oder-andern,0,de.catholicnewsagency.com,Kurienmitarbeiter Graulich: Man kann sein Geschlecht „nicht selbst bestimmen oder ändern“,"Während die sogenannte „Gender-Theorie“ im politischen und gesellschaftlichen Diskurs immer mehr an Einfluss gewinnt, ist die Lehre der Kirche eindeutig. Ein Gespräch mit Kurienmitarbeiter Monsignore Markus Graulich SDB, dem Untersekretär des vatikanischen Di…",https://de.catholicnewsagency.com/image/markus-graulich-sdb_1717666882.jpg?w=1150&jpg,2024-06-07T09:30:00Z,,"Vatikanstadt -
 Freitag, 7. Juni 2024, 11:30 Uhr.
Während die sogenannte Gender-Theorie im politischen und gesellschaftlichen Diskurs immer mehr an Einfluss gewinnt, ist die Lehre der Kirche eindeu… [+9905 chars]",,de,'Geschlecht'
https://taz.de/Konzertempfehlungen-fuer-Berlin/!6015632/,https://taz.de/Konzertempfehlungen-fuer-Berlin/!6015632/,0,taz.de,Konzertempfehlungen für Berlin: Stimmen in der Kälte,"Warme Bässe, Kriegsmadrigale, Geräusche und Klänge aus aller Welt sowie die Poesie Künstlicher Intelligenz geben in dieser Woche den Ton an.",https://taz.de/picture/7046126/948/0035443209-10-1.jpeg,2024-06-07T11:00:00Z,,"Warme Bässe, Kriegsmadrigale, Geräusche und Klänge aus aller Welt sowie die Poesie Künstlicher Intelligenz geben in dieser Woche den Ton an.
Das Duo Matmos seziert Klänge und Geräusche aller Art Fot… [+3464 chars]",,de,'Kälte'
https://www.welt.de/regionales/hamburg/article251926322/Nach-Legalisierung-Polizei-legt-erste-Bilanz-zu-Cannabis-Verstoessen-vor-Hamburger-Kitas-und-Schulen-vor.html,https://www.welt.de/regionales/hamburg/article251926322/Nach-Legalisierung-Polizei-legt-erste-Bilanz-zu-Cannabis-Verstoessen-vor-Hamburger-Kitas-und-Schulen-vor.html,0,www.welt.de,Polizei legt erste Bilanz zu Cannabis-Verstößen vor Hamburger Kitas und Schulen vor,"Seit dem 1. April dürfen Erwachsene Cannabis konsumieren, aber nicht überall. Vor Kindergärten und Schulen ist es verboten. Die Hamburger Polizei hat bislang ein Dutzend Verstöße festgestellt. Und bei vielen Schulleitungen gibt es noch offene Fragen.",https://img.welt.de/img/regionales/hamburg/mobile251926320/8147933027-ci16x9-w1200/Cannabis-Legalisierung.jpg,2024-06-08T11:35:32Z,,"Seit dem 1. April dürfen Erwachsene Cannabis konsumieren, aber nicht überall. Vor Kindergärten und Schulen ist es verboten. Die Hamburger Polizei hat bislang ein Dutzend Verstöße festgestellt. Und be… [+2831 chars]",,de,'Kinder'
https://www.bild.de/unterhaltung/stars-und-leute/naomi-campbell-schwaermt-vom-mutterglueck-jeder-tag-eine-ueberraschung-666404a631254f4bb16d27e1,https://www.bild.de/unterhaltung/stars-und-leute/naomi-campbell-schwaermt-vom-mutterglueck-jeder-tag-eine-ueberraschung-666404a631254f4bb16d27e1,0,www.bild.de,„Jeder Tag eine Überraschung“ - Naomi Campbell schwärmt vom späten Mutterglück,"Sie ist eines der bekanntesten Models der Welt. Ihr größtes Glück? Die Kinder!Foto: naomi/Instagram
naomi
, EPA","https://images.bild.de/666404a631254f4bb16d27e1/d8e5d8ba6bc2597d473f27bf1358e45f,99d57c60?w=1280",2024-06-08T12:10:34Z,,"Sie verdiente mit ihrer Schönheit Millionen. Doch ihr schönstes Glück sind ihre Kinder. 
Das britische Supermodel 
Naomi Campbell (54) wurde mit 51 zum ersten Mal Mutter, mit 53 bekam sie ihr zweit… [+2613 chars]",,de,'Kinder'
https://www.morgenpost.de/web-wissen/gesundheit/article242526496/Zahnspangen-Was-Eltern-ueber-Zusatzkosten-wissen-muessen.html,https://www.morgenpost.de/web-wissen/gesundheit/article242526496/Zahnspangen-Was-Eltern-ueber-Zusatzkosten-wissen-muessen.html,0,www.morgenpost.de,Zahnspangen: Was Eltern über Zusatzkosten wissen müssen,"Viele Kinder tragen Zahnspange. Oft werden bei der Behandlung Leistungen angeboten, die die Kasse nicht zahlt. Worauf Eltern achten sollten.",https://img.sparknews.funkemedien.de/238131743/238131743_1681374308_v16_9_1600.jpeg,2024-06-08T12:16:05Z,,"Berlin. Viele Kinder tragen Zahnspange. Oft werden bei der Behandlung Leistungen angeboten, die die Kasse nicht zahlt. Worauf Eltern achten sollten.
Sehr viele junge Menschen mit vermeintlich schief… [+6090 chars]",,de,'Kinder'
https://steiermark.orf.at/stories/3260108/,https://steiermark.orf.at/stories/3260108/,0,steiermark.orf.at,Kindergemeinderäte feiern Jubiläum,"In immer mehr steirischen Gemeinden bekommen Kinder im Kindergemeinderäte die Möglichkeit, ihre Ideen und Vorschläge umzusetzen und das Gemeindegeschehen aktiv mitzugestalten. Seit zehn Jahren gibt es die Kindergemeinderäte in der Steiermark.",https://ibs.orf.at/stm?image=https%3A%2F%2Foekastatic.orf.at%2Fmims%2F2024%2F23%2F72%2Fcrops%2Fw%3D1200%2Ch%3D627%2Cq%3D75%2F2232351_master_847572_apa_handout_sos-kinderdorf_vom_feriencamp_zum_zuhause_fuer_ukrainische_kinder_.jpg%3Fs%3D19e50f5530dec7ae7f2e54621a93f0a218065410,2024-06-08T13:03:00Z,,"Landesweit sind 1.200 Jungpolitiker und innen am Werk, die in ihrer Gemeinde mitbestimmen, in 40 Gemeinden gibt es bereits einen Kindergemeinderat. Begonnen hat alles vor zehn Jahren in Krieglach, wo… [+1602 chars]",,de,'Kinder'
https://www.stern.de/gesellschaft/mobbing-opfer---das-kann-einen-innerlich-umbringen--34775174.html,https://www.stern.de/gesellschaft/mobbing-opfer---das-kann-einen-innerlich-umbringen--34775174.html,0,www.stern.de,"Mobbing in der Schule: ""Als mich ein Junge mit einer Tüte Saft bewarf, hab ich ihn verprügelt. Ich konnte nicht mehr""","Die Erfahrung von Mobbing prägt fürs ganze Leben. Hier erzählt Nina, 39, wie sie es schaffte, sich aus der Opfer-Rolle zu lösen – und wie sie heute ihre eigenen Kinder stärkt und schützt.",https://image.stern.de/34775700/t/-4/v6/w1440/r1.7778/-/mobbing.jpg,2024-06-08T14:08:00Z,,"Die Erfahrung von Mobbing prägt fürs ganze Leben. Hier erzählt Nina, 39, wie sie es schaffte, sich aus der Opfer-Rolle zu lösen und wie sie heute ihre eigenen Kinder stärkt und schützt.
Ich war neun… [+913 chars]",,de,'Kinder'
