,phrase,label,sentiment,subjectivity,language,count
Deutschland,,,,,,
Berlin,,,,,,
Russland,,,,,,
Europa,,,,,,
Ukraine,,,,,,
Deutschlands,,,,,,
Gaspreisbremse,,,,,,
Brüssel,,,,,,
Frankreich,,,,,,
Österreich,,,,,,
Bund,,,,,,
China,,,,,,
"Podcasts
",,,,,,
Audioinhalten,,,,,,
Kiew,,,,,,
Polen,,,,,,
Europas,,,,,,
Ostsee,,,,,,
Katar,,,,,,
Deutschland.,,,,,,
USA,,,,,,
Russlands,,,,,,
Energiepauschale,,,,,,
Düsseldorf,,,,,,
Wien,,,,,,
Strompreisbremse,,,,,,
den USA,,,,,,
EU-Gipfel,,,,,,
Italien,,,,,,
Spanien,,,,,,
Stadt,,,,,,
Berlins,,,,,,
Staaten,,,,,,
Washington,,,,,,
Japan,,,,,,
Niedersachsen,,,,,,
Nordsee,,,,,,
Großbritannien,,,,,,
Bayern,,,,,,
Hamburg,,,,,,
Schweiz,,,,,,
Türkei,,,,,,
Sachsens,,,,,,
Paris,,,,,,
Bonn,,,,,,
München,,,,,,
Ägypten,,,,,,
Union,,,,,,
Scholz,,,,,,
Wilhelmshaven,,,,,,
Br\u00fcssel,,,,,,
Bundesrepublik,,,,,,
Luxemburg,,,,,,
Brandenburg,,,,,,
Iran,,,,,,
Lützerath,,,,,,
Frankfurt,,,,,,
Moldau,,,,,,
Corona,,,,,,
Barcelona,,,,,,
Moskau,,,,,,
Gasspeicherverband,,,,,,
Ukraine-Kriegs,,,,,,
Potsdam,,,,,,
Hessen,,,,,,
Land Berlin,,,,,,
Brunsbüttel,,,,,,
Irland,,,,,,
Thüringen,,,,,,
Isar,,,,,,
Südafrika,,,,,,
Sachsen-Anhalt,,,,,,
Kärnten,,,,,,
Emsland,,,,,,
Blackout,,,,,,
Nordrhein-Westfalen,,,,,,
Russland.,,,,,,
Kiewer,,,,,,
Mexiko,,,,,,
Dänemark,,,,,,
Lecks,,,,,,
Bremen,,,,,,
Essen,,,,,,
Los Angeles,,,,,,
Ostseeküste,,,,,,
Warmwasser,,,,,,
Niedersachsens,,,,,,
Stromausfällen,,,,,,
Energiepreispauschale,,,,,,
Schweden,,,,,,
Kreml,,,,,,
Frankreichs,,,,,,
Norwegen,,,,,,
Ukraine-Krieg,,,,,,
Emirat,,,,,,
Pyrenäen,,,,,,
Luxemburg.,,,,,,
Energiepreisbremsen,,,,,,
Charkiw,,,,,,
Kanada,,,,,,
London,,,,,,
Nord Stream,,,,,,
Preisbremse,,,,,,
Lustenau,,,,,,
Mecklenburg-Vorpommern,,,,,,
Chinas,,,,,,
Bayerns,,,,,,
Qualitätsartikel,,,,,,
Estland,,,,,,
Berlin-Hamburg,,,,,,
NÃ¼rnberg,,,,,,
Sachsen,,,,,,
Bundesanwaltschaft,,,,,,
Paris.,,,,,,
…,,,,,,
Spaniens,,,,,,
Stadt Wien,,,,,,
Bundeswirtschaftsminister,,,,,,
Portugal,,,,,,
Cherson,,,,,,
britische Regierung,,,,,,
Teheran,,,,,,
Braunkohlekraftwerk Jänschwalde,,,,,,
Grippe-Saison,,,,,,
Deutschland?,,,,,,
Stadt Dachau,,,,,,
Fracking-Methode,,,,,,
MV,,,,,,
Schiefergestein,,,,,,
Erde,,,,,,
Landkreis Ebersberg.,,,,,,
Landkreis Ebersberg,,,,,,
NRW,,,,,,
Medizinischen Katastrophen-Hilfswerks,,,,,,
Belgien,,,,,,
Neckarwestheim 2,,,,,,
Gaseinkauf,,,,,,
Saporischschja,,,,,,
Mitteldeutschland,,,,,,
MÃ¼nchner,,,,,,
Kalte,,,,,,
Speicherverband,,,,,,
Nord-Stream-Lecks,,,,,,
Landes,,,,,,
eO,,,,,,
Gaspreisbremse.,,,,,,
Rheinland-Pfalz,,,,,,
Bulgarien,,,,,,
Prag,,,,,,
Nordrhein-Westfalens,,,,,,
US-Millionenstadt,,,,,,
Fracking-Gas,,,,,,
Sauerland,,,,,,
Brandenburgs,,,,,,
Gas-Lieferungen,,,,,,
COP27,,,,,,
Knappes,,,,,,
Vorachstraße,,,,,,
Brandenburger Straße,,,,,,
Mexikos,,,,,,
Salzburg,,,,,,
Pakistan,,,,,,
Bundes,,,,,,
Deutschlandweit,,,,,,
Moldawien,,,,,,
Warntag,,,,,,
Corona-Zahlen,,,,,,
Steiermark,,,,,,
Unterhachinger,,,,,,
Kinderstationen,,,,,,
US-Präsident,,,,,,
Rehden,,,,,,
Brasilien,,,,,,
Krankenhäusern.,,,,,,
Marathonverhandlungen,,,,,,
Preisdeckeln,,,,,,
Mailand,,,,,,
BGH,,,,,,
Bundesgerichtshofs,,,,,,
Gaspipelines,,,,,,
Lützerath.,,,,,,
Bundesweit,,,,,,
Büttelborn,,,,,,
Straße,,,,,,
Brüssel.,,,,,,
Holbæk,,,,,,
Schloss Pfaueninsel,,,,,,
Berliner Pfaueninsel,,,,,,
Støre,,,,,,
Nord-Stream-Pipelines,,,,,,
Grippefälle,,,,,,
Krim,,,,,,
Südafrikas,,,,,,
Marokko,,,,,,
Flüssiggasterminals,,,,,,
Lubmin,,,,,,
Österreichs,,,,,,
Königsdorf,,,,,,
Behördenangaben,,,,,,
Finnland,,,,,,
Leyen,,,,,,
Stockelsdorf,,,,,,
Wärmestuben,,,,,,
Irlands,,,,,,
Energie-Infrastruktur,,,,,,
EU-Land,,,,,,
Mehrparteienhäusern,,,,,,
St. Marien in,,,,,,
Agora,,,,,,
Tuvalu,,,,,,
Brandenburger,,,,,,
der Schweiz,,,,,,
Regierungssitze,,,,,,
Kirche: Bistümer,,,,,,
Vormarsch.,,,,,,
AKW Tricastin,,,,,,
Corona-Regeln,,,,,,
Düsseldorf.,,,,,,
Wollenberger Straße,,,,,,
Mittelmeer,,,,,,
Perlschneiderhof,,,,,,
Energiekrise.,,,,,,
Limmathaus,,,,,,
Afrikas,,,,,,
Tölzer Stadtklinik,,,,,,
Hohe Haus am Ring,,,,,,
Kreistags,,,,,,
Corona-Welle,,,,,,
Lingen,,,,,,
Kopernikus-Projekt Ariadne,,,,,,
Servitenkirche,,,,,,
Sharm El Sheikh,,,,,,
Statistischen Bundesamt,,,,,,
Café-Betreibern,,,,,,
Kernkraftwerks Isar,,,,,,
Hohenschönhausen,,,,,,
Hagen,,,,,,
Bundesnetzagentur-Präsident,,,,,,
Lauterbach,,,,,,
Notfallplänen,,,,,,
Stadtpark,,,,,,
Marseille,,,,,,
Gasversorgungslage,,,,,,
St…,,,,,,
Deutschland:,,,,,,
Oberösterreich,,,,,,
Indonesien,,,,,,
Dienstagmorgen,,,,,,
Icking,,,,,,
Hannover,,,,,,
Donnerstagmorgen,,,,,,
Gifhorn,,,,,,
A9,,,,,,
Gesundheitsministerium in,,,,,,
Norwegens,,,,,,
Treibhausgasausstoßes des Landes,,,,,,
Fracking-Tabu,,,,,,
Wasserfreunde Spandau,,,,,,
Länderkammer,,,,,,
Kasseler,,,,,,
Mexico,,,,,,
Sauna,,,,,,
Salzgitter,,,,,,
Braunkohletagebau Garzweiler II,,,,,,
Rutsche,,,,,,
Sinopec,,,,,,
Pasing,,,,,,
Bundesamt,,,,,,
Catering-Firmen,,,,,,
Wowtschansk,,,,,,
Russen,,,,,,
Tirol,,,,,,
Deutsche Oper,,,,,,
Silicon-Valley-Star,,,,,,
Biberach,,,,,,
Brunsbüttel.,,,,,,
Freistaat,,,,,,
Landkreis Lindau,,,,,,
Brüsseler,,,,,,
Chisinau,,,,,,
Moldaus,,,,,,
Beverly Hills,,,,,,
Glasgow,,,,,,
Klimaaktivisten,,,,,,
Grippewelle,,,,,,
Maskentragen,,,,,,
Umweltbundesamt,,,,,,
Brandenburg.,,,,,,
Sankt Augustin,,,,,,
Inflationstreibern,,,,,,
Gaspreisdeckel.,,,,,,
Privacy Center,,,,,,
Sharm El-Sheikh,,,,,,
Indien,,,,,,
Afrika,,,,,,
Winter.,,,,,,
Flüssiggas-Terminals,,,,,,
Donezk,,,,,,
Garching,,,,,,
Landesuntersuchungsamt,,,,,,
Koblenz,,,,,,
Kreises Stormarn,,,,,,
Corona-Isolationspflicht,,,,,,
Bundesfinanzministerium,,,,,,
d…,,,,,,
Neustadt bei Coburg,,,,,,
Pasinger Bahnhof,,,,,,
Notstrom-Aggregate,,,,,,
Scharm el-Scheich,,,,,,
Unkontrollierbare,,,,,,
Fensternähe.,,,,,,
Baby-Glow,,,,,,
Staat Bürgerinnen und Bürger,,,,,,
Leipzig,,,,,,
LNG-Terminals,,,,,,
Straßburg,,,,,,
Europaparlaments,,,,,,
Kassel,,,,,,
Baden-Württemberg,,,,,,
Bundeswirtschaftsminister Habeck,,,,,,
Standorterhalt,,,,,,
Elsass,,,,,,
Lieferkürzungen,,,,,,
EU-Kommissionschefin,,,,,,
"REYKJAVÍK, Island",,,,,,
Landkreis München,,,,,,
Reinickendorf,,,,,,
Energie-Preise,,,,,,
Provinz Henan,,,,,,
Fälschung von Corona-Impfbescheinigungen,,,,,,
Kreis Göppingen,,,,,,
Java,,,,,,
Deggingen,,,,,,
Landkreis Anhalt-Bitterfeld,,,,,,
AKW-Laufzeiten,,,,,,
Gaskonzerne,,,,,,
Universität Jena,,,,,,
Transnisitrien,,,,,,
Discounter Lidl,,,,,,
Pankows,,,,,,
Münsterland,,,,,,
St. Petersburg,,,,,,
Republik Moldau,,,,,,
Sachsenhausen,,,,,,
Bund-Länder-Gipfel,,,,,,
Alt-Sachsenhausen,,,,,,
Stade,,,,,,
Gleen-Felda,,,,,,
Freisinger,,,,,,
Regierungsplänen,,,,,,
Statistischen Bundesamts,,,,,,
RS-Viren.,,,,,,
Frankfurt/Main,,,,,,
Gaspreisbremse:,,,,,,
Schwierig,,,,,,
Ludwigshafen,,,,,,
Asien,,,,,,
Berlin.,,,,,,
Magdeburg,,,,,,
Buche.,,,,,,
Dachau,,,,,,
Griechenland,,,,,,
Mengen,,,,,,
Nord Stream 2,,,,,,
Wochenvergleich,,,,,,
Dampierre,,,,,,
Landkreises Starnberg,,,,,,
IEA-Chef,,,,,,
Stadt Offenbach,,,,,,
Illerkirchberg,,,,,,
Umentscheidungen,,,,,,
Abwehrschirm,,,,,,
Finanzminister,,,,,,
Bundestags-Vizepräsidentin,,,,,,
Deutsche Atomkraftwerke,,,,,,
Dienstag.,,,,,,
Elbsandsteingebirges,,,,,,
Offshore-Windparks,,,,,,
Halle,,,,,,
Obdachlosigkeiten,,,,,,
Landkreises Fürstenfeldbruck,,,,,,
Regensburger,,,,,,
Kneitinger,,,,,,
Bayreuth,,,,,,
Münchens,,,,,,
Polens,,,,,,
Landtagswahl,,,,,,
EU-Staaten,,,,,,
Habecks,,,,,,
Unisex-Parfum,,,,,,
Schwedische Küstenwache,,,,,,
Protest-Plakaten,,,,,,
Kirchhain,,,,,,
Baden-WÃ¼rttemberg,,,,,,
Theranos Anleger,,,,,,
Nord Stream Pipelines.,,,,,,
Niedersachsen.,,,,,,
Gas-Kommission,,,,,,
Flughafen-Gelände,,,,,,
Weihnachts-Evangelium,,,,,,
Genderstern,,,,,,
Wustermark,,,,,,
Kreises,,,,,,
Mullahs,,,,,,
Landtag,,,,,,
Zürich,,,,,,
Notstrom-Lastwagen.,,,,,,
Satellitentelefone,,,,,,
Bund-Länder-Treffen  Leipziger,,,,,,
Australien,,,,,,
Mond,,,,,,
Rheinischen Revier,,,,,,
Mars,,,,,,
Katars,,,,,,
Wien.,,,,,,
Franken,,,,,,
Expertenvorschläge,,,,,,
Ölradiator,,,,,,
Nikolaus-Tag,,,,,,
Nord-,,,,,,
Gasterminals.,,,,,,
Deutsche Bundesanwaltschaft,,,,,,
Weener,,,,,,
Bornholm,,,,,,
Landkreis Leer),,,,,,
Niederlande,,,,,,
Frankreich.,,,,,,
Deutschland  ,,,,,,
Klimawende,,,,,,
Reservebetrieb,,,,,,
Gasbreisbremse,,,,,,
Hamburg.,,,,,,
Gewerkschaft: Preisbremsen,,,,,,
Vereinigten Staaten?,,,,,,
Wilhelmshaven.,,,,,,
Dresden,,,,,,
Briten,,,,,,
Milliardenhöhe,,,,,,
Hessen?,,,,,,
Stadt Zürich,,,,,,
Doha,,,,,,
Vorarlberg,,,,,,
Energiehilfen: Bovenschulte: Deckel,,,,,,
Spaniens Küste,,,,,,
Bremer,,,,,,
Texas,,,,,,
Kohlekraftwerk Jänschwalde: Alle Blöcke,,,,,,
Einsparpotenzial,,,,,,
Vereinigten Staaten,,,,,,
Bahn-Sabotage,,,,,,
Grippe-Infektionen,,,,,,
Kraftwerks Emsland,,,,,,
Athen,,,,,,
KindertagesstÃ¤tten,,,,,,
Klagenfurter,,,,,,
Frankfurter Paar,,,,,,
Japans,,,,,,
Provinz Baghlan.,,,,,,
Atomkraftwerk Biblis,,,,,,
Kreis Groß-Gerau,,,,,,
RSV-Welle,,,,,,
Chinarak,,,,,,
Lofoten,,,,,,
Afghanistan,,,,,,
Büttelborn.,,,,,,
Dänemark.,,,,,,
Geringe Sanierungsaktivität,,,,,,
Atomkraftwerkes Biblis,,,,,,
Strompreisbremse:,,,,,,
Klima-Podcast,,,,,,
Hass,,,,,,
Fangsaison,,,,,,
Offenbach,,,,,,
Energiepreise:,,,,,,
Afghanistan: Wie Kinder,,,,,,
Uno-Klimakonferenz,,,,,,
Scharm,,,,,,
Post,,,,,,
MV-Schulen.,,,,,,
GedÃ¤chtnisprotokoll,,,,,,
Kiew:,,,,,,
Conne Island,,,,,,
Ländern,,,,,,
RSV-Welle bei Kindern,,,,,,
Hbtwfstpshfs Hbt…,,,,,,
Airbus-Notlandung,,,,,,
Alternativen.,,,,,,
Ble 00-lokllae,,,,,,
Flughafen in,,,,,,
Güterzugunfall,,,,,,
Istanbul,,,,,,
Casablanca,,,,,,
Blackout-Angst:,,,,,,
Barcelona.,,,,,,
Straße abgekom…,,,,,,
San Francisco,,,,,,
Millionen,,,,,,
Lang,,,,,,
Niedersachsen: Gas,,,,,,
Bali,,,,,,
Corona-Ticker,,,,,,
salzburg.,,,,,,
Dachau: Weihnachtsbeleuchtung,,,,,,
Bad Oldesloe,,,,,,
Kolumbiens,,,,,,
Einsparungen.,,,,,,
Lubmin.,,,,,,
Alten Synagoge,,,,,,
Dublin.,,,,,,
Grippe-Impfungen,,,,,,
Weihnachtsdeko,,,,,,
LNG-Infrastruktur:,,,,,,
Reinbek,,,,,,
Großgmain,,,,,,
21.11.2022,,,,,,
Ahrensburg,,,,,,
Fulda,,,,,,
Terminals,,,,,,
NRW-Landtag,,,,,,
MainzSchlecht,,,,,,
Nordend,,,,,,
Betreuungslücke,,,,,,
Energiekrise: Frost,,,,,,
Kälte-Szenarien,,,,,,
Schweiz: Frauen,,,,,,
Ostsee: Staatsanwalt,,,,,,
Krankenhaus â€¦ <ul><li>,,,,,,
Leitungen.,,,,,,
Philharmonie: Weihnachts-Swing,,,,,,
Stockholm.,,,,,,
Tiroler,,,,,,
Spezialschiffes,,,,,,
Klimablog: Arktische Seen,,,,,,
Märkischen Museum,,,,,,
LNG-Importen,,,,,,
Werkstätten-,,,,,,
Marzahn-Hellersdorf,,,,,,
Stockholm,,,,,,
Spezialschiff für Flüssigerdgas-Terminal,,,,,,
Landgericht,,,,,,
Bezirk,,,,,,
Filmpark Babelsberg,,,,,,
Reißleine,,,,,,
"Pandemiejahren seltener
Mittwoch",,,,,,
Einkommensfünftel,,,,,,
Pandemiejahren,,,,,,
Unbewohnbare,,,,,,
MV.,,,,,,
Potsdamer,,,,,,
Ampel-Fraktionen,,,,,,
Illner,,,,,,
Ejf =b,,,,,,
Akw,,,,,,
Langen,,,,,,
"Zlekl unl klelenteupe,",,,,,,
Rathaus Zehlendorf: Marodes,,,,,,
Kältewelle,,,,,,
Corona inâ€¦,,,,,,
LNG-Lieferungen.,,,,,,
New Yorks.,,,,,,
Synagoge Löcher,,,,,,
Landesgesundheitsagentur.,,,,,,
A-Streptokokken,,,,,,
Den Haag [Online-Abo].,,,,,,
Donbass +++,,,,,,
Berliner Osten,,,,,,
"Berlin, alte Öfen",,,,,,
Spot-Preise,,,,,,
Energietechnikkonzerns,,,,,,
Niederösterreich,,,,,,
Wilhelmshaven: Erstes Gas,,,,,,
Kinder am Boden,,,,,,
Rabbinerhaus g…,,,,,,
Ise,,,,,,
Isfahan,,,,,,
Schüssen,,,,,,
Alte Synagoge,,,,,,
Reihenhaus,,,,,,
BRD,,,,,,
Washington/Mainz,,,,,,
flott,,,,,,
Energiepauschale.,,,,,,
Rothenburg ob der Tauber: Krankenhauspatient aus Kälte,,,,,,
Arizona,,,,,,
Gasspeicher-Front,,,,,,
Vereinigten Staaten h…,,,,,,
Hamburg-Berlin,,,,,,
USA: Senat,,,,,,
Nieser,,,,,,
Landkreis Rostock: Schulbus,,,,,,
Chinesen,,,,,,
Liegnitzer Straße,,,,,,
Rendsburg.,,,,,,
Kitas,,,,,,
Gas-Tarifwechsel,,,,,,
RKI-Bericht,,,,,,
Kalifornien,,,,,,
Bezirk Marzahn-Hellersdorf,,,,,,
New York City,,,,,,
Riverside,,,,,,
Zugunfall,,,,,,
Schleswig-Holsteiner,,,,,,
Turm bei Nacht…,,,,,,
Essener,,,,,,
Störungsanfälligkeit,,,,,,
RS-Virus: Kinder,,,,,,
A9-Sanierung,,,,,,
Pyhrnautobah,,,,,,
Atomkraftwerks Emsland,,,,,,
Wahnsinns.,,,,,,
Schleswig-Holstein:,,,,,,
Stromlücke,,,,,,
Pazifikstaats Tuvalu,,,,,,
"Puupelu, aeOelupeO Oll peu eupeleu",,,,,,
Argentinien,,,,,,
Oslo,,,,,,
Irans,,,,,,
Ukraine: »Jetzt,,,,,,
Gordi:,,,,,,
Unternehmergespräch: Sanierungsexperte Hans-Joachim Ziems: „Wir,,,,,,
Arbeitsplatz,,,,,,
Buelaleevoelllu,,,,,,
Dezember-Gashilfe,,,,,,
Nichtbedürftige.,,,,,,
Innsbrucker Dom,,,,,,
Gaslage.,,,,,,
Faeser,,,,,,
Inbegriffen,,,,,,
Heizkostenzuschusses,,,,,,
Staudenhof,,,,,,
Potsdamer Platz,,,,,,
Alten Markt,,,,,,
Deutsche-Bahn-Turm,,,,,,
DDR-Baus,,,,,,
Infrastruktur-Vorstand,,,,,,
Ostdeutschland,,,,,,
Dezemberausgaben,,,,,,
Kiew: Wie Russland,,,,,,
Hannover-Berlin,,,,,,
Limmathauses,,,,,,
Kohlendioxid-Eis,,,,,,
Roten Planeten,,,,,,
SZ-Adventskalender: Wenn die Zwangsräumung,,,,,,
Lasermessdaten,,,,,,
Bremen: Haus,,,,,,
Angkor Wat,,,,,,
Renovierter,,,,,,
Innsbrucker Dom zu St. Jakob,,,,,,
Ostholstein: Nach Brand,,,,,,
Senegal,,,,,,
Bestmöglich,,,,,,
Heimskandal,,,,,,
Kliniken am Limit: RS-Virus,,,,,,
Vielerorts,,,,,,
Flughafen Münster/Osnabrück,,,,,,
Neuseeland,,,,,,
Corona-Vakzinen,,,,,,
US-Außenminister,,,,,,
Mittwoch:,,,,,,
Wilhelmshaven: Uniper,,,,,,
"Landkreis Dachau: ""Wir",,,,,,
Berlinern,,,,,,
Lustschlosses,,,,,,
Corona-Aufholprogramm: Das Sportfest,,,,,,
Pfaueninsel,,,,,,
Niederlanden.,,,,,,
Atomkraft-Renaissance: Wie Rumänien,,,,,,
Gas-Deals,,,,,,
Hidden Hills,,,,,,
Malibu,,,,,,
Böllerverbot,,,,,,
Energieberatungshaus,,,,,,
Innsbruck erstaufge…,,,,,,
Luftalarm.,,,,,,
Land,,,,,,
Cherson:,,,,,,
Selenskyj,,,,,,
Isjum,,,,,,
Kliniken an:,,,,,,
Kinder-Stationen,,,,,,
Plan,,,,,,
Polen: Windkraft?,,,,,,
Land herrs…,,,,,,
COVID-19,,,,,,
Berliner Doms,,,,,,
Kopenhagen,,,,,,
Köpenickerinnen,,,,,,
Köpenicker,,,,,,
Marodes,,,,,,
Covid-19,,,,,,
Bahnhof Zoo,,,,,,
Philippinen,,,,,,
Kindern.,,,,,,
Kinderkrankenhäuser,,,,,,
Haushalten,,,,,,
Wales,,,,,,
Republik,,,,,,
Galeria Kaufhof,,,,,,
Java.,,,,,,
Frieren,,,,,,
Gebiet,,,,,,
Ukraine-Update am Abend,,,,,,
Sewastopol,,,,,,
Kommissions-Bericht,,,,,,
Ausgabendisziplin.,,,,,,
Preisgalopp,,,,,,
Big Oil?,,,,,,
Neumarkt in der Innenstadt,,,,,,
Haar: Hightech-Toiletten,,,,,,
Kommunen,,,,,,
Warentest,,,,,,
Cfsmjot Tusbàfo/,,,,,,
miesem,,,,,,
Pankow,,,,,,
Rängen.,,,,,,
Mittwochabend.,,,,,,
Leer: Nikolaus,,,,,,
Gießener,,,,,,
Flughafens BER,,,,,,
Kreta,,,,,,
Nieder-Gemünden,,,,,,
Katastrophe von Fukushima,,,,,,
… [,,,,,,
Heizen,,,,,,
Katar: Oliver,,,,,,
Doms.,,,,,,
Warburg,,,,,,
empfi,,,,,,
Allgäu Online!,,,,,,
Fakten-Check: Bekommt,,,,,,
Lupe.,,,,,,
Mainz,,,,,,
Parkplatz.,,,,,,
Freien.,,,,,,
nan,,,,,,
Novembertermine,,,,,,
Verbraucherpreise,,,,,,
Bremer.,,,,,,
Werder-Stürmer,,,,,,
Harrison,,,,,,
Griechenland: Küstenwache,,,,,,
Syrien,,,,,,
Gemünden/Kirtorf,,,,,,
Baden-Württemberg:,,,,,,
Viruswelle: Kranke Kinder – kranke Kliniken.,,,,,,
TTF,,,,,,
schweizweite Mass…,,,,,,
Medikamenten-Kauf,,,,,,
Evin-Gefängnis in Teheran,,,,,,
Nordrhein-WestfalenViele,,,,,,
RSV-Welle am Limit.,,,,,,
Malta,,,,,,
Donnerstag:,,,,,,
Abzock-Alarm,,,,,,
Handelsplatz,,,,,,
Kiew: Was den Menschen in,,,,,,
Tagesspiegel-Newsletter Checkpoint,,,,,,
Manchen Staaten,,,,,,
persischen Golf,,,,,,
We...,,,,,,
Ratzeburg: Warum,,,,,,
allerschlechteste Straße,,,,,,
Fondation Abbé Pierre,,,,,,
Selenskyj: Befreiung,,,,,,
Sachsen-Anhalts,,,,,,
Bildungsministerium den Bildungsdirektionen,,,,,,
Energiekrise:,,,,,,
Kiews,,,,,,
Kirtorf,,,,,,
KaufhofIm,,,,,,
Sprunghafter,,,,,,
Sprunghafter Anstieg,,,,,,
Grippe-Fällen.,,,,,,
KW,,,,,,
"Salzburg, Tirol",,,,,,
Berlin…,,,,,,
Stromausfall: Darum,,,,,,
Mailand.,,,,,,
Galeria Karstadt,,,,,,
chinesischen Regierung,,,,,,
Ukraine: Wärmestuben,,,,,,
Galeria,,,,,,
Infektionswelle,,,,,,
Rahlstedt: Nachbarn,,,,,,
Winterschlaf.,,,,,,
Winterstarre,,,,,,
Schwarzwald,,,,,,
Bötzingen,,,,,,
Wärmepunkte,,,,,,
Infektionswelle: Deutlicher,,,,,,
Umgebaute,,,,,,
Kap,,,,,,
Ludwigshafener,,,,,,
Fernwärmegeschäft,,,,,,
Neckarwesth…,,,,,,
"Saudi-Arabien, Atomkraftwerke",,,,,,
Haben,,,,,,
Süddeutschland,,,,,,
GasspeicherIm niedersächsischen Elsfleth,,,,,,
Mittwoch.,,,,,,
Erdgas-Ersatz,,,,,,
Notfällen,,,,,,
Kraftwerk Emsland,,,,,,
Gas-Alternativen,,,,,,
Spandauer,,,,,,
Lichtenstein,,,,,,
Reichen,,,,,,
Linz,,,,,,
Dänemarks,,,,,,
Schwedens,,,,,,
EU-Ländern,,,,,,
Nord Stre…,,,,,,
Land Brandenburg,,,,,,
gefÃ¤hrlich,,,,,,
Tanker-Stau,,,,,,
Bildungsstudie,,,,,,
Kieler Land…,,,,,,
Auszahlungen,,,,,,
Energieversorge…,,,,,,
Grünen-Beschluss,,,,,,
"Pipeline  DER SPIEGEL
</li><li>Nord-Stream-Gaslecks:",,,,,,
Berliner Zeitung.,,,,,,
Gas-Verteilzentrum,,,,,,
Magdeburg.,,,,,,
Ludwigshafen.,,,,,,
Balzli,,,,,,
Greta-Spirit,,,,,,
Statistische Bundesamt am Donnerstag,,,,,,
Braun­kohletagebaus Gar…,,,,,,
Schleichender,,,,,,
Stuttgart,,,,,,
Gasumlage,,,,,,
Bayreuth: Gasaustritt,,,,,,
Kasachstan: Putin,,,,,,
Erdgaslieferungen,,,,,,
Pipeline-Anschlägen,,,,,,
Gaskrise: Tempelhof-Schöneberg,,,,,,
Wärmeräume,,,,,,
Lissabon,,,,,,
Sächsischer Schweiz,,,,,,
Nowji Oskol,,,,,,
Belgorod,,,,,,
Obergailbach,,,,,,
|,,,,,,
Groningen,,,,,,
Füllstands,,,,,,
Landeshand,,,,,,
Gasag-Anteil,,,,,,
Gasförderkonzern,,,,,,
Putin,,,,,,
Tankerstau,,,,,,
Hauptbahnhof,,,,,,
"Schwimmbäder: ""Schwimmen",,,,,,
Koreaner,,,,,,
Hohe Energiepreise:,,,,,,
Linke-Politiker,,,,,,
RP,,,,,,
Winter-Rezession,,,,,,
Konjunktur: Ifo-GeschÃ¤ftsklima,,,,,,
Ifo-GeschÃ¤ftsklima,,,,,,
Deutsches Steuergeld,,,,,,
Grossbritannien,,,,,,
EU-Debatte,,,,,,
Rentenanteil,,,,,,
"Sinopec Southwest"") & Chemical Corporation",,,,,,
Erdgas-Speicher,,,,,,
Gaspreis-Bremse,,,,,,
Berlin/Brüssel,,,,,,
Thanksgiving,,,,,,
DIW-Ökonomin,,,,,,
Corona-Jahren,,,,,,
tel peu Bellv-POett-Ieth,,,,,,
Bahnhof Eisenhüttenstadt: «Moderne Mobilitäts-Drehscheibe»,,,,,,
"Steigende Energiepreise, Rekord-Inflation",,,,,,
Genderdebatte,,,,,,
Wien/Frank…,,,,,,
Karlsruher Bahnhof,,,,,,
Blumentopf,,,,,,
Leonberg,,,,,,
Hannover.,,,,,,
EU-Spitzentreffen: Gas,,,,,,
Hallenbädern,,,,,,
Oslo.,,,,,,
Grabenkampf,,,,,,
EU-Gipfeln,,,,,,
Sächsischer Minister Günther: «Es,,,,,,
EU-Energiedebatte,,,,,,
"Atombehörden-Chef: ""Putin",,,,,,
Gaspreisdeckel,,,,,,
EU-Gipfels,,,,,,
Kurses,,,,,,
Statistische Bundesamt,,,,,,
A81-Tunnel,,,,,,
Holzresten,,,,,,
Schwaben,,,,,,
Ministerpräsidentenkonferenz: Länder,,,,,,
Barmar,,,,,,
"Deutschland: ""Gaspreisbremse",,,,,,
EU-Arzneimittelbehörde,,,,,,
Stiko,,,,,,
ukrainischen Regierung,,,,,,
Langfristverträge,,,,,,
Flüssiggases,,,,,,
Washington DC…,,,,,,
Dachauer,,,,,,
Ölpipeline,,,,,,
Hotelrechnungen,,,,,,
"Italien: Haben genug Gas, Problem",,,,,,
russischen Staat,,,,,,
Scholz: Deutschland,,,,,,
Dschidda,,,,,,
Saudi-Arabien,,,,,,
Fracking-Verbot,,,,,,
Paris/Wien,,,,,,
Großstreit,,,,,,
Hohe Energiepreise: Die Gasumlage,,,,,,
Nord-Stream-Pipelines: Größeres Leck,,,,,,
Schwerin,,,,,,
Kommt,,,,,,
Wenigstens,,,,,,
Baltic Pipe,,,,,,
Polen.,,,,,,
Nord-Stream-Pipelines: Was über die Gaslecks,,,,,,
AKW Lingen,,,,,,
Gaskrise: Pankow,,,,,,
Bezirk Pankow,,,,,,
Donnerstagabend.,,,,,,
Doppel-Wumms-Dilemma.,,,,,,
Tisch.,,,,,,
UrengoiPomaryUschgorod,,,,,,
Strommarkt,,,,,,
Lieferant,,,,,,
Steuerregeln,,,,,,
Wasserstraßenbau,,,,,,
Rhein,,,,,,
Energieversorgers Süwag,,,,,,
Kalten,,,,,,
Energie-Umbau.,,,,,,
Erdgaspipeline,,,,,,
Ukraine-Krise,,,,,,
Europa?,,,,,,
"Ukraine-Krise: Finanzmärkte, Gas-Abhängigkeiten",,,,,,
Butscha,,,,,,
Ebersberg,,,,,,
Ebersberger,,,,,,
Pipeline-Transport,,,,,,
Preisschilder,,,,,,
Davos,,,,,,
24.06.2022 - München,,,,,,
Niederbayern,,,,,,
regierungsamtlich,,,,,,
Pipeline-Erdgas,,,,,,
Lidove noviny“,,,,,,
Dax,,,,,,
Berliner Regierung,,,,,,
Freitagabend.,,,,,,
Deutschlehrer-Info | DW | 21.07.2022.,,,,,,
Berlin: Drohende Gas-Krise,,,,,,
Schwimmbäder,,,,,,
Mehrum,,,,,,
Schubladen,,,,,,
Gas-Austritt,,,,,,
nan Italien,,,,,,
Warschau/Berlin,,,,,,
Pipeline-Druck,,,,,,
Vereinigten Königsreichs,,,,,,
Kirche: Frieren,,,,,,
ENERGIEKRISE: Sorge,,,,,,
Türschlitze,,,,,,
Gasmarkt,,,,,,
Bornholms,,,,,,
Ostseeinsel,,,,,,
Experten-Kommission,,,,,,
Ostsee.</li><li>,,,,,,
Russland +++,,,,,,
Nord Stream-Pipelines,,,,,,
Bundesanwaltschaft.,,,,,,
Gaspreisbremse um?4.,,,,,,
Vermieterverband,,,,,,
Eigentümerverbands,,,,,,
Solidaritäts-Pflicht,,,,,,
"Berlin, der Vorsch…",,,,,,
Badherstellers Duravit,,,,,,
Gesamtenergieverbrauchs,,,,,,
Gas-Ziel,,,,,,
Gasspeicher-Füllstand,,,,,,
weggefallener,,,,,,
London.,,,,,,
Pipeline Druschba:,,,,,,
Leck an Ölpipeline,,,,,,
Alla Varlamova,,,,,,
Ukraine: Menschen,,,,,,
Spanien.,,,,,,
Gaslecks: Nord-Stream-Betreiber,,,,,,
Tagelang,,,,,,
Ampelregierung,,,,,,
schwedische Küstenwache,,,,,,
Land üb…,,,,,,
Nord Stream: Pipeline-Lecks,,,,,,
Pipeline-Lecks,,,,,,
Westliche Staaten,,,,,,
Gaspipeline-Lecks,,,,,,
Truppenübungsplatz +,,,,,,
Niederlanden,,,,,,
Nord Stream-Gaspipelines,,,,,,
Pipeline-Chaos,,,,,,
Iberischen Halbinsel,,,,,,
"Pipeline ""Midcat",,,,,,
Bremse.,,,,,,
Gratis Grippeimpfungen,,,,,,
Strom- und Gassperrungen,,,,,,
Corona-Krise,,,,,,
Krisenwinter,,,,,,
Gaskrise: Wie MÃ¼nchens,,,,,,
Preis-Wumms,,,,,,
Informeller EU-Gipfel,,,,,,
Prag:,,,,,,
AnschlÃ¼ssen,,,,,,
AKW Saporischschja.<em>,,,,,,
Bellk,,,,,,
Online-Vorlesungen,,,,,,
Erdgasspeicher,,,,,,
Dänemark: Kind,,,,,,
Paderborn.,,,,,,
Paderborner,,,,,,
Kohlendioxid-Abgabe,,,,,,
BerlinDer Vermieteranteil,,,,,,
Bundesstraße 202,,,,,,
Kreis Plön,,,,,,
Ukraine:,,,,,,
Milliarden-Entlastungen,,,,,,
Landtag: Minister:,,,,,,
Wärmestromtarife,,,,,,
Standardgastarif,,,,,,
Mecklenburgische Seenplatte: Metallbolzen,,,,,,
Peenebrücke,,,,,,
Ostsee-Gaspipeline,,,,,,
Bürokratie-Aufwand,,,,,,
Grippesaison: Früh,,,,,,
Essener Energ…,,,,,,
Weihnachtsgeld.,,,,,,
Weihnachtsgeld,,,,,,
Gas-Pläne,,,,,,
Erdgaspläne,,,,,,
Cop27,,,,,,
Influenzawelle,,,,,,
Grippeinfektionen,,,,,,
Parkowka-Straße,,,,,,
Mykolajiw.,,,,,,
Ukraine: Mykolajiw: So,,,,,,
Kap von der Kohle,,,,,,
Grüntal,,,,,,
Karibik,,,,,,
Flori…,,,,,,
salbungsvolles,,,,,,
Buddenbrookhaus-Sanierung,,,,,,
Energiespargründen,,,,,,
Dresden.,,,,,,
Ukraine: AKW Saporischschja,,,,,,
Gesellschaft: Theaterstück,,,,,,
Land Schleswig-Holstein,,,,,,
Paradeuniform,,,,,,
Dortmund,,,,,,
moldauischen Hauptstadt,,,,,,
Kriegsgeschäfte,,,,,,
Spiegel,,,,,,
Oberfischbach,,,,,,
Achtfache,,,,,,
Europas Stromnetzzentrale,,,,,,
Pulheim,,,,,,
Kerzenwärme?,,,,,,
Großmarkt,,,,,,
Atomkraft: Leck in Kühlsystem,,,,,,
Check-Pflicht,,,,,,
Jacinda,,,,,,
Verschmutzer,,,,,,
Energie-Krise,,,,,,
Coburg,,,,,,
Münsterländern,,,,,,
Rheinland,,,,,,
Nordrhein-Westfalen.,,,,,,
Tagebau Garzweiler II,,,,,,
Katar:,,,,,,
Golf.,,,,,,
U. Bucker.</em>,,,,,,
Singapur,,,,,,
Indonesiens,,,,,,
Vorzeigepaar,,,,,,
Weihnachten: Bin,,,,,,
di…,,,,,,
Haidach,,,,,,
Gasspeichers,,,,,,
Russlands Atom-Drohungen,,,,,,
Maximalpositionen,,,,,,
Bundesanzeiger veröffe…,,,,,,
Dezember-Hilfe,,,,,,
Nord Stream-Leck,,,,,,
Högerbaus,,,,,,
Hohenlockstedt.,,,,,,
Geizen,,,,,,
Dnipro.,,,,,,
Gaspreisentwicklung,,,,,,
Jahresverbrauchs,,,,,,
Kinder-Interview,,,,,,
Braunkohletagebau Garzweiler,,,,,,
Teilzahlungsbeträge,,,,,,
Transnistrien,,,,,,
Triage-Gesetz,,,,,,
Produktionsdrosselungen bei gasintensiven,,,,,,
Umwelt:,,,,,,
Corona-Impfpässen,,,,,,
europäischen Küste,,,,,,
Strompreise-Bremse,,,,,,
Andrea Beer.</em,,,,,,
Alpen,,,,,,
Bergen.,,,,,,
Gas-Kartelle,,,,,,
Zeche für das Kartellge…,,,,,,
Kluge,,,,,,
Corona-News-Ticker: Schleswig-Holstein,,,,,,
Schlepp,,,,,,
Schleswig-Holstein,,,,,,
Meiler Isar,,,,,,
Gaskrise.,,,,,,
Blackouts,,,,,,
Ismaning,,,,,,
Berlin-Pankow: Marodes,,,,,,
Video: Blackout-Übung,,,,,,
Zehlendorfer Schule,,,,,,
Griechen,,,,,,
Sanco Swift,,,,,,
Peloponnes.,,,,,,
Gastronom,,,,,,
Jung,,,,,,
Frankreich: Störfälle,,,,,,
Blackout:,,,,,,
Ostsee: Russland,,,,,,
Thüringer Ve…,,,,,,
Fracking-Technologie,,,,,,
Fracking-Gas iâ€¦,,,,,,
Seeheimer Kreis,,,,,,
Pantone-Farben,,,,,,
Adobe-Nutzer,,,,,,
Pantone-Farbbücher,,,,,,
Victority,,,,,,
Corona: Intensivmediziner,,,,,,
Berlin-Lichtenberg,,,,,,
Holz.,,,,,,
Erdgaspreises,,,,,,
Moskaus,,,,,,
Lastabwurfs,,,,,,
hiesigen,,,,,,
Staat Verbrauchern und Wirtschaft,,,,,,
Kasachstan.,,,,,,
Kaufhauskonzern Galeria Karstadt Kaufhof,,,,,,
Kältehilfe-Saison,,,,,,
Europäern,,,,,,
Emirats,,,,,,
Wiens,,,,,,
Präsentations-Coach,,,,,,
Strompreisbremse.,,,,,,
Trümmern,,,,,,
Kugelsichere,,,,,,
Energiepreisbremse,,,,,,
Autobahn A45.,,,,,,
Mega-Gewinne.,,,,,,
JVA,,,,,,
Philosophenturms,,,,,,
Hörsaal D,,,,,,
Villach,,,,,,
Klagenfurt,,,,,,
Großhandelsmarkt,,,,,,
Berlin/Oberpframmern,,,,,,
AktivitÃ¤t,,,,,,
A45-Talbrücke,,,,,,
Talbrücke Landeskroner Weiher,,,,,,
A45,,,,,,
Mümmelmannsberg: Reizgas,,,,,,
Wilnsdorf,,,,,,
Talbrücke Landeskro…,,,,,,
Landesgesundheitsministerium am Freitag,,,,,,
Landesgesundheitsministerium,,,,,,
Pauèp,,,,,,
Laa an der Thaya,,,,,,
Bezirk Mistelbach,,,,,,
Nebraska,,,,,,
Wiesbaden: Streit,,,,,,
Asylunterkunft,,,,,,
MV: Kaderali,,,,,,
Pipeline,,,,,,
Strompreisdeckel,,,,,,
Pasinger,,,,,,
Landkreis Freising: Funkbrücken,,,,,,
Medizinischen Katastrophen-Hilfswerks Deutschland,,,,,,
Fieser Kälteeinbruch: Kommt,,,,,,
IW,,,,,,
Berliner Stadtmission,,,,,,
Berliner Bibliotheken: Das,,,,,,
Energiespar-Ikone,,,,,,
Uno-Klimagipfel,,,,,,
Sharm al-Sheikh,,,,,,
Chisi…,,,,,,
Rom,,,,,,
Augsburg.,,,,,,
Vertretbar,,,,,,
Randvolle,,,,,,
Erdgas-Speicher: Plötzlich Gas,,,,,,
Ampelparteien Verschärfungen,,,,,,
Englands,,,,,,
Biberach: Energieversorgung,,,,,,
Ro…,,,,,,
"Inhaltsverzeichnis
",,,,,,
Iange,,,,,,
Nordamerika,,,,,,
Mützenich,,,,,,
Extremen.,,,,,,
Skandalen.,,,,,,
Scharm el Scheich,,,,,,
Berlin/München,,,,,,
Tschechien,,,,,,
Mobbing,,,,,,
Czechowice-Dziedzice,,,,,,
Co,,,,,,
Chi…,,,,,,
Schwarzheide.,,,,,,
LNG-Terminal: Stade,,,,,,
B…,,,,,,
Schwarzheide,,,,,,
Lausitz.,,,,,,
Republik Moldau: Überleben,,,,,,
Chiinu,,,,,,
Ministerpräsidentenkonferenz: Worüber Bund,,,,,,
"Kohlebergwerks ""Silesia""",,,,,,
Nord-Stream-1-Röhre,,,,,,
Donnerstag.,,,,,,
Ostsee-Insel,,,,,,
Kinderküche,,,,,,
D: Gas-,,,,,,
Nah-,,,,,,
Gas-,,,,,,
Ukraine-Krieges,,,,,,
Bund-Länder-Runde: Inflation und Energiekrise,,,,,,
Lindner,,,,,,
schneller,,,,,,
Münchner Durchschnittshaushalt,,,,,,
Österreich: Gas-Heizungen,,,,,,
Temperaturklassen,,,,,,
